data_index,page,ad_type,ad_rank,organic_rank,asin,title,url,price_current,price_list,rating_stars,rating_count,is_prime,image_small,image_large,brand_name,scraped_at,inner_products_count
0,1,SB_Video,1.0,,,N/A,N/A,,,,,False,,,,2026-04-23T10:49:33.704124,4.0
1,1,Title,,,,ResultsCheck each product page for other buying options.,,,,,,False,,,,2026-04-23T10:49:33.705342,
3,1,Organic,,1.0,B0G5PQ2B48,"16PCS Funny Pride Gay Car Bumper Magnets: Bulk Magnetic Rainbow Decals Decorations for LGBT Parade Decor, Refrigerator, Truck, Prank Gift Ideas",N/A,$16.79,,4.4,12.0,False,https://m.media-amazon.com/images/I/81LlU3gySXL._AC_UL320_.jpg,https://m.media-amazon.com/images/I/81LlU3gySXL._AC_SL1500_.jpg,,2026-04-23T10:49:33.709814,
4,1,Organic,,2.0,B0D4DRRF9X,"bylikeho 10Pcs Car Stickers,Magnetic Bumper Stickers,Car Accessories,Funny Bumper Sticker,Automotive Stickers,Reusable Bumper Stickers,Suitable for All Cars,Trucks,Motorcycles,Etc",N/A,$9.98,,4.6,93.0,False,https://m.media-amazon.com/images/I/8112GIlya-L._AC_UL320_.jpg,https://m.media-amazon.com/images/I/8112GIlya-L._AC_SL1500_.jpg,,2026-04-23T10:49:33.714584,
5,1,Organic,,3.0,B09PVNBP17,"Gay Pride Funny Magnet Bumper Sticker, Rainbow Pride Prank Magnetic Sign for Vehicle Truck Reusable Magnet Sticker for Fridge(10 Styles)",N/A,$13.99,,4.6,239.0,False,https://m.media-amazon.com/images/I/81xTMP3L1nL._AC_UL320_.jpg,https://m.media-amazon.com/images/I/81xTMP3L1nL._AC_SL1500_.jpg,,2026-04-23T10:49:33.719797,
6,1,Title,,,,More results,,,,,,False,,,,2026-04-23T10:49:33.720325,
7,1,Organic,,4.0,B09BCGP6H6,Frienda 6 Pcs Bumper Stickers Prank Funny Bumper Magnets Funny Car Magnet Only Stickers LGBT Vehicle Refrigerator Trucks Luggage Wall Laptop,N/A,$6.99,,4.4,255.0,False,https://m.media-amazon.com/images/I/81xiOXCntBL._AC_UL320_.jpg,https://m.media-amazon.com/images/I/81xiOXCntBL._AC_SL1500_.jpg,,2026-04-23T10:49:33.723612,
8,1,Organic,,5.0,B0GGXCZ4KD,"Funny Car Magnets, 10 Pcs Gay Bumper Magnets Reusable Car Stickers Gay Magnets for Car Prank Waterproof Magnetic Bumper Stickers for Vehicles Trucks Fridge",N/A,$9.99,,,,False,https://m.media-amazon.com/images/I/81Qjz8t3ntL._AC_UL320_.jpg,https://m.media-amazon.com/images/I/81Qjz8t3ntL._AC_SL1500_.jpg,,2026-04-23T10:49:33.728101,
9,1,Organic,,6.0,B09RF3DM5D,"Frienda 10 Pcs Bumper Decals Funny LGBT Stickers Rainbow Bumper Prank Car Stickers Colorful Car Accessories for Truck Vehicle Luggage Window Refrigerator(Magnetic,Stylish Style)",N/A,$9.49,,4.6,1334.0,False,https://m.media-amazon.com/images/I/91mxv5AzqxL._AC_UL320_.jpg,https://m.media-amazon.com/images/I/91mxv5AzqxL._AC_SL1500_.jpg,,2026-04-23T10:49:33.732465,
10,1,Organic,,7.0,B0DY1HSLHJ,12 Pcs Gay Pride Funny Magnet Bumper Sticker LGBT Rainbow Pride Prank Magnetic Sign for Vehicle Truck Reusable Magnet Sticker for Fridge(Classic),N/A,$17.99,,3.9,63.0,False,https://m.media-amazon.com/images/I/81cE-6Oxz5L._AC_UL320_.jpg,https://m.media-amazon.com/images/I/81cE-6Oxz5L._AC_SL1500_.jpg,,2026-04-23T10:49:33.737611,
11,1,Organic,,8.0,B0GSTQBY8S,"16PCS Funny Pride Gay Car Bumper Magnets: Bulk Magnetic Rainbow Decals Decorations for LGBT Parade Decor, Refrigerator, Truck, Prank Gift Ideas(Style 4)",N/A,$16.79,,4.4,12.0,False,https://m.media-amazon.com/images/I/91+sI1pToVL._AC_UL320_.jpg,https://m.media-amazon.com/images/I/91+sI1pToVL._AC_SL1500_.jpg,,2026-04-23T10:49:33.742496,
12,1,Organic,,9.0,B0FWTX3WZJ,Funny Bumper Stickers Gay Pride Magnets Car Prank Stickers Magnetic LGBTQ Car Stickers for Vehicles and Trucks or Fridge Magnet,N/A,$19.99,,4.6,96.0,False,https://m.media-amazon.com/images/I/81Yvs8V1I2L._AC_UL320_.jpg,https://m.media-amazon.com/images/I/81Yvs8V1I2L._AC_SL1500_.jpg,,2026-04-23T10:49:33.746946,
13,1,Organic,,10.0,B0GKG7S2YW,"16PCS Funny Pride Gay Car Bumper Magnets: Bulk Magnetic Rainbow Decals Decorations for LGBT Parade Decor, Refrigerator, Truck, Prank Gift Ideas(Style 2)",N/A,$16.99,,4.4,12.0,False,https://m.media-amazon.com/images/I/91IYWViM9KL._AC_UL320_.jpg,https://m.media-amazon.com/images/I/91IYWViM9KL._AC_SL1500_.jpg,,2026-04-23T10:49:33.752300,
14,1,Organic,,11.0,B0F26QMKL4,"10PCS Bumper Decals Funny LGBT Stickers, Rainbow Bumper Prank Car Stickers LGBT Sticker Sign, Colorful Gay Pride Decal for Cars Trucks Luggage Window, Car Accessories (Style 2)",N/A,$7.99,,4.0,15.0,False,https://m.media-amazon.com/images/I/81KRGP-Wt-L._AC_UL320_.jpg,https://m.media-amazon.com/images/I/81KRGP-Wt-L._AC_SL1500_.jpg,,2026-04-23T10:49:33.756556,
15,1,Organic,,12.0,B0FVLZ956Z,"YOPPIX 10PCS Gay Pride Funny Car Magnet, LGBT Rainbow Pride Prank Magnetic Bumper Sticker for Adult Waterproof Magnetic Car Stickers for Vehicles and Trucks Reusable Magnet Sticker for Fridge",N/A,$15.99,,4.9,41.0,False,https://m.media-amazon.com/images/I/71FmMC6YysL._AC_UL320_.jpg,https://m.media-amazon.com/images/I/71FmMC6YysL._AC_SL1500_.jpg,,2026-04-23T10:49:33.760261,
16,1,Organic,,13.0,B09TZNYK4L,10 Pcs Magnetic Bumper Decals Funny Bumper Stickers Rainbow Car Decals Prank Car Stickers Gay Pride Magnets for Vehicles Truck Car Refrigerator,N/A,$9.99,,4.7,219.0,False,https://m.media-amazon.com/images/I/71FsU6sQyyL._AC_UL320_.jpg,https://m.media-amazon.com/images/I/71FsU6sQyyL._AC_SL1500_.jpg,,2026-04-23T10:49:33.764380,
17,1,Organic,,14.0,B0D5QKB5SF,"10-Pack Personalized Fun LGBT Bumper Stickers Colorful Magnetic Stickers Accessories Suitable for Cars, Computers, Motorcycles, refrigerators and Other Magnetic Objects",N/A,$9.28,,3.3,4.0,False,https://m.media-amazon.com/images/I/71K2EB7a8aL._AC_UL320_.jpg,https://m.media-amazon.com/images/I/71K2EB7a8aL._AC_SL1500_.jpg,,2026-04-23T10:49:33.768710,
18,1,Organic,,15.0,B0G13L6WWH,"12 Pcs Rainbow Magnetic Car Stickers, Gay Pride Car Magnets, Reusable Prank Bumper Stickers, Funny Magnetic LGBT Bumper Decals for Vehicles, Trucks, Fridge",N/A,$13.99,,4.7,219.0,False,https://m.media-amazon.com/images/I/81vhfOYAoeL._AC_UL320_.jpg,https://m.media-amazon.com/images/I/81vhfOYAoeL._AC_SL1500_.jpg,,2026-04-23T10:49:33.772690,
19,1,Organic,,16.0,B0GHD2HC29,"12PCS Gay Pride Funny Car Magnet, LGBT Rainbow Pride Prank Magnetic Sign, Prank Magnetic Bumper Sticker for Vehicles and Trucks Reusable Magnet Sticker for Fridge",N/A,$17.99,,4.8,9.0,False,https://m.media-amazon.com/images/I/716YC4mE8yL._AC_UL320_.jpg,https://m.media-amazon.com/images/I/716YC4mE8yL._AC_SL1500_.jpg,,2026-04-23T10:49:33.779015,
20,1,Organic,,17.0,B0CQVRH12Q,I'm So Gay I Can't Even Drive Straight - Flexible Car Auto Bumper Magnet (Rectangular),N/A,$7.59,,4.0,23.0,False,https://m.media-amazon.com/images/I/613p4WbgYXL._AC_UL320_.jpg,https://m.media-amazon.com/images/I/613p4WbgYXL._AC_SL1500_.jpg,,2026-04-23T10:49:33.783397,
21,1,Organic,,18.0,B095NSVMB7,Anley I'm So Gay I Can't Even Drive Straight Car Magnet Signs - Reflective Truck & Vehicle Bumper Sticker - LGBT Magnetic Decal (10 inch) - Set of 3,N/A,$6.55,,4.7,271.0,False,https://m.media-amazon.com/images/I/91TLEfVn4uS._AC_UL320_.jpg,https://m.media-amazon.com/images/I/91TLEfVn4uS._AC_SL1500_.jpg,,2026-04-23T10:49:33.787948,
22,1,Organic,,19.0,B0F8GPH4H8,"I'm So Gay I Can't Even Drive Straight Car Magnet Signs, 3 Pack Magnetic LGBT Waterproof Reflective Funny Car Stickers, Reflective Truck & Vehicle Bumper Sticker",N/A,$7.99,,3.9,7.0,False,https://m.media-amazon.com/images/I/81R6JHvT6+L._AC_UL320_.jpg,https://m.media-amazon.com/images/I/81R6JHvT6+L._AC_SL1500_.jpg,,2026-04-23T10:49:33.793648,
23,1,Organic,,20.0,B0F4WWDQBV,"LGBTQ Pride Prank Bumper Stickers - 12Pcs Gay Rainbow Pride Funny LGBT Prank Bumper Stickers, Strong Magnetic Car Home Decor Good LGBT Gift for Gay Couples Celebrate Love Equality",N/A,$7.03,,4.6,12.0,False,https://m.media-amazon.com/images/I/81BdAGVjCgL._AC_UL320_.jpg,https://m.media-amazon.com/images/I/81BdAGVjCgL._AC_SL1500_.jpg,,2026-04-23T10:49:33.799146,
24,1,Organic,,21.0,B0GGBKHYD7,"10Pcs Gay Pride Funny Car Magnets, Rainbow Designs I‘M Gay, Gay Driver Magnetic Bumper Stickers, Gay Bumper Magnets Reusable Removable Prank Decals for Vehicle, Truck, Fridge, LGBTQ Pride Gift",N/A,$11.99,,4.8,30.0,False,https://m.media-amazon.com/images/I/812FLvJ3nML._AC_UL320_.jpg,https://m.media-amazon.com/images/I/812FLvJ3nML._AC_SL1500_.jpg,,2026-04-23T10:49:33.803475,
25,1,Organic,,22.0,B0FZBJXGRD,"Zpana Magnetic LGBT Car Bumper Sticker, 10Sheets Reflective Funny Rainbow Sign Vehicle Bumper Prank Decal with Humor Text, Reusable Automotive Decorative Sticker, Universal Fit (Style2)",N/A,$4.69,,5.0,1.0,False,https://m.media-amazon.com/images/I/71dHF7-spmL._AC_UL320_.jpg,https://m.media-amazon.com/images/I/71dHF7-spmL._AC_SL1500_.jpg,,2026-04-23T10:49:33.807748,
26,1,Organic,,23.0,B0F1CM92K1,"10 PCS Bumper Decals, Funny LGBT Sticker Rainbow Gay Bumper Prank Decoration, Waterproof Vinyl Decal Humor Text Gay Pride Stickers for Luggage Window Refrigerator Laptop (Style 2)",N/A,$6.99,,4.7,7.0,False,https://m.media-amazon.com/images/I/81+B+bBjk8L._AC_UL320_.jpg,https://m.media-amazon.com/images/I/81+B+bBjk8L._AC_SL1500_.jpg,,2026-04-23T10:49:33.812436,
27,1,Organic,,24.0,B0DGXP6VF3,"10PCS Magnetic Bumper Sticker Decals, Funny LGBT Rainbow Prank Car Stickers, Magnets Pranks Car Reflective Decals for Vehicle Truck Luggage Window Refrigerator",N/A,$9.49,,4.8,5.0,False,https://m.media-amazon.com/images/I/71nCSSqSVFL._AC_UL320_.jpg,https://m.media-amazon.com/images/I/71nCSSqSVFL._AC_SL1500_.jpg,,2026-04-23T10:49:33.816849,
28,1,Organic,,25.0,B0FWBYQ7DY,"10PCS Funny Bumper Stickers,Car Accessories Funny Car Magnets,Gay Sticker,LGBT Colorful Bumper Magnet,Stickers for Trucks,Suitable for Window,Cars,Truck,Motorcycle,or Other Type of Vehicle",N/A,$9.89,,,,False,https://m.media-amazon.com/images/I/81m69zBdTnL._AC_UL320_.jpg,https://m.media-amazon.com/images/I/81m69zBdTnL._AC_SL1500_.jpg,,2026-04-23T10:49:33.820100,
29,1,Organic,,26.0,B09V4G8FP5,2PC Reflective LGBTQ Pride Rainbow Flag Magnet for Car - 5 x 3 Inches - Support Gay Lesbian LGBT Equality Ally Bumper Magnetic,N/A,$9.99,,4.3,69.0,False,https://m.media-amazon.com/images/I/812i19IcI1L._AC_UL320_.jpg,https://m.media-amazon.com/images/I/812i19IcI1L._AC_SL1500_.jpg,,2026-04-23T10:49:33.823565,
30,1,Organic,,27.0,B0G3NDQCDX,"12PCS Gay Pride Car Funny Magnet Sticker Decal, Reusable LGBT Prank Automotive Sticker with Humor Text, Waterproof Car Bumper Magnetic Sign for Truck, SUV (Colorful)",N/A,$11.47,,,,False,https://m.media-amazon.com/images/I/71sqca4X+7L._AC_UL320_.jpg,https://m.media-amazon.com/images/I/71sqca4X+7L._AC_SL1500_.jpg,,2026-04-23T10:49:33.827608,
31,1,Organic,,28.0,B0GRVCC4KS,"6PCS Gay Pride Funny Magnet Bumper Sticker, LGBTQ Rainbow Car Decals Prank Car Stickers, Prank Magnetic Bumper Sticker for Vehicles and Trucks or Fridge Magnet Sign",N/A,$14.99,,,,False,https://m.media-amazon.com/images/I/71AVhqLOCML._AC_UL320_.jpg,https://m.media-amazon.com/images/I/71AVhqLOCML._AC_SL1500_.jpg,,2026-04-23T10:49:33.831274,
32,1,Organic,,29.0,B0F99WH92W,"10pcs Funny Gay Bumper Stickers, Waterproof Funny Car Magnets Gay Stickers LGBT Magnetic Bumper Decals Reflective Rainbow Car Decals for Vehicles and Trucks",N/A,$12.99,,4.5,12.0,False,https://m.media-amazon.com/images/I/81Yy56GiiOL._AC_UL320_.jpg,https://m.media-amazon.com/images/I/81Yy56GiiOL._AC_SL1500_.jpg,,2026-04-23T10:49:33.834865,
33,1,Organic,,30.0,B08RNGVG85,"Frienda 2 Pieces Large Gay Pride Bumper Sticker Colorful Waterproof Funny LGBT Stickers Gay Pride Prank Sign for Car Vehicle Truck RV SUV Auto Boat Laptops Decoration, 10 x 3 Inches",N/A,$6.99,,4.4,171.0,False,https://m.media-amazon.com/images/I/71kBHFhYxhL._AC_UL320_.jpg,https://m.media-amazon.com/images/I/71kBHFhYxhL._AC_SL1500_.jpg,,2026-04-23T10:49:33.839057,
34,1,Organic,,31.0,B0G4QGQST4,"10 PCS Bumper Decals, Funny LGBT Prank Car Stickers Rainbow Bumper Decor with Humor Text, Universal Waterproof Vinyl Gay Pride Decal Luggage Sticker for Sedan Truck SUV (Style 2)",N/A,$5.99,,5.0,2.0,False,https://m.media-amazon.com/images/I/81i296SaUgL._AC_UL320_.jpg,https://m.media-amazon.com/images/I/81i296SaUgL._AC_SL1500_.jpg,,2026-04-23T10:49:33.843556,
35,1,Organic,,32.0,B0FKH2KSQ7,"DXNQ 10 PCS Bumper Decals, Funny LGBT Stickers Rainbow Bumper Prank Decoration, Waterproof Vinyl Decals Humor Text Gay Pride Signs for Cars Trucks Windows, Car Accessories (Style 2, Magnetic)",N/A,$14.99,,4.3,41.0,False,https://m.media-amazon.com/images/I/812IaT7IlUL._AC_UL320_.jpg,https://m.media-amazon.com/images/I/812IaT7IlUL._AC_SL1500_.jpg,,2026-04-23T10:49:33.847652,
36,1,Organic,,33.0,B08VNTRTSG,"Magnet, Funny Warning Magnet, I'm Not Gay, But $20 is $20, Practical Jokes, Gags, Pranks, 6"" x 3""",N/A,$6.99,,4.8,126.0,False,https://m.media-amazon.com/images/I/61Q7BL-ZxUL._AC_UL320_.jpg,https://m.media-amazon.com/images/I/61Q7BL-ZxUL._AC_SL1500_.jpg,,2026-04-23T10:49:33.856963,
37,1,Organic,,34.0,B0DNJNY9R3,"DXNQ 10 PCS Car Funny LGBT Stickers, Waterproof Prank Rainbow Bumper Stickers with Humor Text, Universal Colorful Gay Pride Decals for Vehicle Luggage Window, Car Accessories (02)",N/A,$7.99,,4.3,41.0,False,https://m.media-amazon.com/images/I/81errmFV8ML._AC_UL320_.jpg,https://m.media-amazon.com/images/I/81errmFV8ML._AC_SL1500_.jpg,,2026-04-23T10:49:33.866194,
38,1,Organic,,35.0,B0DNQXBVTG,"(1Pcs - 7.5x4.5 in) I Love Sucking Dicks with My Butthole Magnet Bumper, Funny Adult Humor Car Magnet, Inappropriate Gay Prank Truck Vehicle Decoration Accessories, Gift for Family, Friends",N/A,$9.99,,4.5,5.0,False,https://m.media-amazon.com/images/I/51DSyOE3VLL._AC_UL320_.jpg,https://m.media-amazon.com/images/I/51DSyOE3VLL._AC_SL1500_.jpg,,2026-04-23T10:49:33.873772,
39,1,Organic,,36.0,B0BWHLV2H1,"JULMELON Pride Rainbow Magnetic Stickers, 22pcs Pride Car Water-Repellent Magnets Decorations Accessories for Pride Day Parade Supplies Home Fridge Car Bumpers Party Decor",N/A,$7.99,,3.9,1285.0,False,https://m.media-amazon.com/images/I/815wRHkoG+L._AC_UL320_.jpg,https://m.media-amazon.com/images/I/815wRHkoG+L._AC_SL1500_.jpg,,2026-04-23T10:49:33.880917,
40,1,Organic,,37.0,B0FY116XJ8,"YoRise 10PCS Car Funny LGBT Sticker Decals, Magnetic Rainbow Prank Decal with Humor Text, Waterproof Reflective Gay Pride Sticker, Universal Vehicle Window Bumper Accessories for Luggage(Colorful)",N/A,$12.89,,,,False,https://m.media-amazon.com/images/I/71oilW1q9gL._AC_UL320_.jpg,https://m.media-amazon.com/images/I/71oilW1q9gL._AC_SL1500_.jpg,,2026-04-23T10:49:33.887996,
41,1,Organic,,38.0,B0CD68VCGP,"Original Funny Gay LGBT Prank Bumper for Truck Cars Vehicle Or Luggage Bumper Sticker Vinyl Decal 5""",N/A,$4.95,,2.4,33.0,False,https://m.media-amazon.com/images/I/61BBvBhrh-L._AC_UL320_.jpg,https://m.media-amazon.com/images/I/61BBvBhrh-L._AC_SL1500_.jpg,,2026-04-23T10:49:33.893319,
42,1,Organic,,39.0,B0C7LM9TKH,"Overdecor Pride Progress Rainbow Gay Flag Decal Stickers Car Emblem LGBTQ Car Accessories Decorations Chrome Shield Flag Sticker Decals for Cars Truck Vehicles, 2 Pack",N/A,$9.99,,4.8,51.0,False,https://m.media-amazon.com/images/I/51dj6ePDd5L._AC_UL320_.jpg,https://m.media-amazon.com/images/I/51dj6ePDd5L._AC_SL1500_.jpg,,2026-04-23T10:49:33.897362,
43,1,Organic,,40.0,B0D9C5FQGW,Ad Astra Graphics Sounds Gay I'm In Rectangular LGBTQ Pride Ally Love Rainbow Flag Magnet - 5 Inches - Multi Color - 1 Count - Made in USA,N/A,$7.95,,4.6,19.0,False,https://m.media-amazon.com/images/I/6164VEVR3ML._AC_UL320_.jpg,https://m.media-amazon.com/images/I/6164VEVR3ML._AC_SL1500_.jpg,,2026-04-23T10:49:33.901506,
44,1,Organic,,41.0,B0C7TFHX8C,GEEKBEAR I'm So Gay I Can't Even Drive Straight Car Magnet - 8.7 x 3.5 in,N/A,$14.99,,4.5,18.0,False,https://m.media-amazon.com/images/I/71Z5248dkVL._AC_UL320_.jpg,https://m.media-amazon.com/images/I/71Z5248dkVL._AC_SL1500_.jpg,,2026-04-23T10:49:33.906949,
45,1,Organic,,42.0,B09VKW5V5S,"76 PCS Original Funny Gay Prank Bumper Stickers, Funny LGBT Gay Stickers for Cars Decals Motorcycle Truck Vehicles Luggage Sticker for Adults Bumper Decals",N/A,$8.99,,4.6,302.0,False,https://m.media-amazon.com/images/I/81a9npQCGuL._AC_UL320_.jpg,https://m.media-amazon.com/images/I/81a9npQCGuL._AC_SL1500_.jpg,,2026-04-23T10:49:33.911773,
46,1,Organic,,43.0,B0FW3GXCM6,"10PCS 8"" x 3"" Bumper Stickers,Car Accessories Prank Funny Car Stickers,Gay Pride Auto Magnets and Decals,Funny Bumper Magnets,Suitable for Any Metal Surface on Trucks,SUVs,Motorcycles",N/A,$9.99,,,,False,https://m.media-amazon.com/images/I/81uRaUwlU2L._AC_UL320_.jpg,https://m.media-amazon.com/images/I/81uRaUwlU2L._AC_SL1500_.jpg,,2026-04-23T10:49:33.915089,
47,1,Organic,,44.0,B0DRRRHGJC,"MAIANEY [7.5""x4.5""] Caution This Vehicle Frequently Stops at Gay Bars Bumper Magnet Funny Adult Humor Car Magnets Gay Joke Warning Prank Gag Gifts for Men Decorations Car Truck Vehicle Automobile",N/A,$8.99,,5.0,1.0,False,https://m.media-amazon.com/images/I/5109Ul+TN0L._AC_UL320_.jpg,https://m.media-amazon.com/images/I/5109Ul+TN0L._AC_SL1500_.jpg,,2026-04-23T10:49:33.919388,
48,1,Organic,,45.0,B076J13PDZ,"Magnet Me Up Blank LGBTQ Gay Pride Pawprint Magnet Decal, 5 Inch, Heavy Duty Automotive Magnet for Car Truck SUV, Refrigerator, Mailboxes, Various Other Surfaces Everyday Use Pride Puppy Dog Magnets",N/A,$7.99,,4.7,1001.0,False,https://m.media-amazon.com/images/I/613mC6uiP4L._AC_UL320_.jpg,https://m.media-amazon.com/images/I/613mC6uiP4L._AC_SL1500_.jpg,,2026-04-23T10:49:33.924448,
49,1,Organic,,46.0,B0B2MLGBYZ,"MAGNET Only Gay Cops Pull Me Over Cool Biker Magnet Vinyl Magnetic Sticker 20 mil - Size 5""",N/A,$5.95,,4.0,29.0,False,https://m.media-amazon.com/images/I/51iRP7ZJ8-L._AC_UL320_.jpg,https://m.media-amazon.com/images/I/51iRP7ZJ8-L._AC_SL1500_.jpg,,2026-04-23T10:49:33.928819,
50,1,Organic,,47.0,B0FP5GHQZ6,"10 PCS Car Funny LGBT Stickers, Waterproof Pride Bumper Stickers, Rainbow Prank Decals with Humor Text, Universal Car Accessories for Vehicle Luggage Window Refrigerator",N/A,$5.99,,5.0,2.0,False,https://m.media-amazon.com/images/I/719Q-8-H8xL._AC_UL320_.jpg,https://m.media-amazon.com/images/I/719Q-8-H8xL._AC_SL1500_.jpg,,2026-04-23T10:49:33.932840,
51,1,Organic,,48.0,B0BTVM28BY,I'm Not Gay But My Butthole is Sticker 2 Sticker Deal 3x9 and 2x2 Funny Anal Gay Joke Prank Gag Gift,N/A,$5.85,,4.3,90.0,False,https://m.media-amazon.com/images/I/51WUU2UHP2L._AC_UL320_.jpg,https://m.media-amazon.com/images/I/51WUU2UHP2L._AC_SL1500_.jpg,,2026-04-23T10:49:33.938075,
52,1,Title,,,,Previous123...7Next,,,,,,False,,,,2026-04-23T10:49:33.938864,
53,1,SB,1.0,,,N/A,https://aax-us-east-retail-direct.amazon.com/x/c/JMkk07SzPiTiEdQRnYJe6uUAAAGduD4UCwEAAAH2AQBvbm9fdHhuX2JpZDIgICBvbm9fdHhuX2ltcDIgICADmLeS/clv1c_ek-wxHHWEsTSTPXjZIeguztwCfqTes46C3Ca-1PrPpLSVNNdyRJvaHRZhZI3y-PhIU40SAQBexzyZ7rE-1Qui3sr0YHKZeKHIZvepZPn1pi7jR0f-9k0jW770knV54UC_WUpPbIzdhdu-_qqngfCu9bO6H2cE1WSE8Du2edC3OadWPbqI4_vglIH7Iv04I2e40wbFFtNZ18YtTe8tk5m0yOpHBtrUFco_C9XxD16UpGMB9O52sZ5ilrYCsZwcJrrF43aS-XcrUPND9pAgWpUue-LVwptYq1Sq0xRB399hGhG5qMfTXjtf8b9ckJwochQ-M19wAP7o_CRh5JsvrAL_B_1ULvM6vFx7_D_-5Hb4Ma2LUJ185ruxSJcI0VxE8NbhlcG36ywQ0GTQuPKwxs4aR1nMwiaSQk1N9kvig5RS7FoE9hms3pv52kyT-VH7JqO51bdOhKS6mnfhrK5TzUf-npZ75600mFhSm_Ev1fdlsOnOSDx2TZnZicxvRGIrlQlvbhP-ZuYA9CffOxaAZbfHLvElCAI38SlwcW0xeW7zH-6tWCTglIhQ5hOUdt0moK5QByxX7eNZOeky6VGdf0y0490zR5bs-p_ov74L9vmVvhvdzcW90hJIDnv2sSd7-88p-Y86J5LlpqSN4aWSO22jWqdr6wGb1y_5LhbWOr4M_i5KhUdBiafcePihjUjf-MmKiBghHGRUSiwZ_huw1B-wgw-dPru-pz-5b5Ks8ElPuzsBKlUFhgcPl0VAKIZ5NuOilE8wZzcfmORCDMvS9qSffWaNBsfIFac5orf9JBhto3NeSwSqU2wk1NTzSqLNYf1GB457zUffZMCQJheq2Adwovw9ZM1-zdUP9D0DGYE0_u5hOQCOC4bQEux2WBrqbIuC32Gt8vifI-gIsqqEtP92AEYOROIYrVeKTgRzLJ1onttjfn5ftV9xqMMRvvV25FwqjcgpKtwmPsytiJR2fH2XjQ-6QRZHjlq_3-I_S_1hInpBMYj0CQJorhNpmZhcNL6uyR3zidTpatme9IKjLeKxXZGNXpKFUZVujcGIr2FF6Fcpo3xYVOuj5g5PQ8EHmyWtEFOHvxy4btaEg1J3koVD9vw6Tf7UoxVoyvyNY71qXK-XCx-RBzPc5WTeR_-5CPIELo1yQm5KXsCvaB2VL1beJpHmeGJGxFh-m6SkdL4iyXIvEMQQFkNnH1A2kweHQx-MDuODU7s_jxX4sb1gURmVeG-XjmqpTBX2PIwA8rDuBZ8C4RbNQoYqtkOxUW3NnWtoXL6EOGFbl8dTRd5vzk7kiYXodcEGAFG0gqJWwuF8QmWmglpTvPoV0z5qd-QqXk6sQfpH7jw62VVvESsPAjwuSlD9B5ri7YWAZ0_OkReYIfL_uvW2J2mZdz15wt4XZBI7Xw81JwKzmcsUJALpHLArjdJgtwIaLvVRD3KxYmiBrIw8PuNzClhvAk2JYVNjtfAtbnVuwXK6X8LMriFOMxNEhLa0z3xiZE29P2KgMvh1IsumdYLPWke5jAWZwupMOqbqcJhlcrTkISLOF-eL1uBgYgWknJEIexcmKaE9ktKzoBDFEaHFvH7uG3Qz2OnoLuDt2IxQN9oGmLw1iIa43QYtB-zZejPXsUwxuCicUJw-U2nHChi6HzvVwBAC5CxcJMv9KJCEkZfrZZUZES10-0j7wyFAiDwNIiaIOAB/https://www.amazon.com/stores/page/43112043-78C1-45D4-92CC-1A723B72F4A4/?_encoding=UTF8&store_ref=SB_A070186719OGVT5Q50QX2-A0712219UCCL6EFV0GF1&pd_rd_plhdr=t&aaxitk=1bd08ea5c14c02d0f48c2715e16b33c4&hsa_cr_id=0&lp_asins=B0GDXV1C45%2CB0D96N4PXQ%2CB0GCL4WDX8&lp_query=gay%20car%20magnets&lp_slot=desktop-hsa-3psl&ref_=sbx_be_s_3psl_mbd_mb0_bkgd&pd_rd_w=VzuPf&content-id=amzn1.sym.cd7c548b-a599-426f-9ffe-daa1aa803c87%3Aamzn1.sym.cd7c548b-a599-426f-9ffe-daa1aa803c87&pf_rd_p=cd7c548b-a599-426f-9ffe-daa1aa803c87&pf_rd_r=R0GR6627AF8FYN4KRC0G&pd_rd_wg=IU2Ks&pd_rd_r=55e30281-68eb-4f0c-83b1-0733f92588bf,,,,,False,,,N/A,2026-04-23T10:49:33.944681,
54,1,Title,,,,Need help?Visit the help sectionorcontact us,,,,,,False,,,,2026-04-23T10:49:33.945569,
0,2,SB_Video,2.0,,,N/A,N/A,,,,,False,,,,2026-04-23T10:49:50.214416,6.0
1,2,Title,,,,ResultsCheck each product page for other buying options. Price and other details may vary based on p,,,,,,False,,,,2026-04-23T10:49:50.215943,
3,2,Organic,,49.0,B0DKBJMM1C,I'm So Gay I Can't Even Drive Straight Car Magnet Signs - Reflective Truck & Vehicle Bumper Sticker - LGBT Magnetic Decal (10 inch) - Set of 3,N/A,$7.77,,5.0,2.0,False,https://m.media-amazon.com/images/I/91Lj6EE2AZL._AC_UL320_.jpg,https://m.media-amazon.com/images/I/91Lj6EE2AZL._AC_SL1500_.jpg,,2026-04-23T10:49:50.219998,
4,2,Organic,,50.0,B0C5W25RG2,"Here I Go in My Gay Little Car Bumper Sticker Vinyl Decal 5""",N/A,$4.95,,4.5,8.0,False,https://m.media-amazon.com/images/I/41-o2azcujL._AC_UL320_.jpg,https://m.media-amazon.com/images/I/41-o2azcujL._AC_SL1500_.jpg,,2026-04-23T10:49:50.223155,
5,2,Organic,,51.0,B0F7R75RPR,LGBT Pride Rainbow Gay Dudes Just Taste Better Aluminum License Plate Metal Car Front License Plate Cover Car Decor Accessory Novelty Vanity Decoration Tag with 4 Holes Gift 6 x 12 Inch,N/A,,,4.4,38.0,False,https://m.media-amazon.com/images/I/510vk-LpQsL._AC_UL320_.jpg,https://m.media-amazon.com/images/I/510vk-LpQsL._AC_SL1500_.jpg,,2026-04-23T10:49:50.226717,
6,2,Title,,,,More results,,,,,,False,,,,2026-04-23T10:49:50.227309,
7,2,Organic,,52.0,B09C6F9XSQ,"Only Gay Cops Pull Me Over Magnet Bumper 8.25"" x 2.75""",N/A,$10.99,,4.6,179.0,False,https://m.media-amazon.com/images/I/617XS28ZQFL._AC_UL320_.jpg,https://m.media-amazon.com/images/I/617XS28ZQFL._AC_SL1500_.jpg,,2026-04-23T10:49:50.231039,
8,2,Organic,,53.0,B0BZYVRHSG,24 Pieces Rainbow Magnetic Stickers Car Magnet Bumper Sticker Gay Pride Rainbow Car Magnet Heart Decal Wins Magnetic Stickers for Bumpers Refrigerator Decorations,N/A,$9.59,,4.6,411.0,False,https://m.media-amazon.com/images/I/81WxVwu4ayL._AC_UL320_.jpg,https://m.media-amazon.com/images/I/81WxVwu4ayL._AC_SL1500_.jpg,,2026-04-23T10:49:50.234820,
9,2,Organic,,54.0,B09CLLYK6W,"Magnet Me Up Gay Pride Progress Rainbow Flag Magnet Decal, 4x6 Inches, Heavy Duty Automotive Magnet for Car Truck SUV, in Support of LGBTQ",N/A,$7.99,,4.5,838.0,False,https://m.media-amazon.com/images/I/51u7tSubQJL._AC_UL320_.jpg,https://m.media-amazon.com/images/I/51u7tSubQJL._AC_SL1500_.jpg,,2026-04-23T10:49:50.240465,
10,2,Organic,,55.0,B0C4FC15BC,GTOTd Rainbow Gay Pride LGBTQ Car Fridge Magnets（12 Pack） Pride Merch Decor Gifts Party Supplies Accessories Cruise Door Decorations Magnetic Bumper Cabinets Decal Reusable Vinyl,N/A,$8.55,,4.6,69.0,False,https://m.media-amazon.com/images/I/91i3gDkDlNL._AC_UL320_.jpg,https://m.media-amazon.com/images/I/91i3gDkDlNL._AC_SL1500_.jpg,,2026-04-23T10:49:50.245553,
11,2,Organic,,56.0,B0B2GZB6RJ,"Progress Pride Flag Rainbow Heart Magnet | Show Your Love for The LGBT Family with This Magnetic Sign on Your Laptop, Car Bumper, or Hydro-Flask (3.5 X 3.5 Inch)",N/A,$9.95,,4.2,64.0,False,https://m.media-amazon.com/images/I/51MkcgRJDKS._AC_UL320_.jpg,https://m.media-amazon.com/images/I/51MkcgRJDKS._AC_SL1500_.jpg,,2026-04-23T10:49:50.251356,
12,2,Organic,,57.0,B09QYJ7QX2,Whaline 12Pcs Pride Rainbow Magnetic Stickers Love is Love Car Magnet Bumper Sticker Gay Pride Day Gnome Love Wins Heart Fridge Magnet Decal for LGBTQ Refrigerator Decorations,N/A,$9.99,,4.3,80.0,False,https://m.media-amazon.com/images/I/81nsn72EuJL._AC_UL320_.jpg,https://m.media-amazon.com/images/I/81nsn72EuJL._AC_SL1500_.jpg,,2026-04-23T10:49:50.255887,
13,2,Organic,,58.0,B088YN7FS2,CafePress Gay Pride Democrat Oval Euro Car Bumper Magnet,N/A,$11.99,,5.0,4.0,False,https://m.media-amazon.com/images/I/61FpKmvT7cL._AC_UL320_.jpg,https://m.media-amazon.com/images/I/61FpKmvT7cL._AC_SL1500_.jpg,,2026-04-23T10:49:50.260563,
14,2,Organic,,59.0,B0BWMRX9SH,Fabbay 12 Pcs Rainbow Door Magnets Decorations LGBT Pride Door Decorations Gay Rainbows Car Magnet Heart Love Gnome Bumper Magnetic Stickers for Pride Day Refrigerator Fridge LGBT Party,N/A,$9.99,,4.0,54.0,False,https://m.media-amazon.com/images/I/8147ANJxXTL._AC_UL320_.jpg,https://m.media-amazon.com/images/I/8147ANJxXTL._AC_SL1500_.jpg,,2026-04-23T10:49:50.264223,
15,2,Organic,,60.0,B0CWRBKWLQ,I'm So Gay I Can't Even Drive Straight - Flexible Car Auto Bumper Magnet (Oval),N/A,$6.99,,4.0,8.0,False,https://m.media-amazon.com/images/I/61eHrwvB-RL._AC_UL320_.jpg,https://m.media-amazon.com/images/I/61eHrwvB-RL._AC_SL1500_.jpg,,2026-04-23T10:49:50.269510,
16,2,Organic,,61.0,B0FFTN9DV5,Not a Lesbian Magnet - Funny Lesbian Joke Meme - 2 Pack Magnets | 10-Inch by 3-Inch Bumper - Car Truck Locker Toolbox Metal Surface Gift - EPLM0117,N/A,$7.95,,5.0,4.0,False,https://m.media-amazon.com/images/I/61WpuLLfcLL._AC_UL320_.jpg,https://m.media-amazon.com/images/I/61WpuLLfcLL._AC_SL1500_.jpg,,2026-04-23T10:49:50.276234,
17,2,Organic,,62.0,B0F8R68N5Z,Here I Go in My Gay Little Car | Bumper Sticker or Car Magnet | LGBT Funny Pride Meme Quote Magnetic Bumper for Refrigerators Doors Trucks Cars [7.5x3.75],N/A,$6.95,,,,False,https://m.media-amazon.com/images/I/71RtVoWm3WL._AC_UL320_.jpg,https://m.media-amazon.com/images/I/71RtVoWm3WL._AC_SL1500_.jpg,,2026-04-23T10:49:50.280048,
18,2,Organic,,63.0,B0B57N94CN,"Rio Salto 10-Pack Funny Prank Car Magnets – Hilarious Removable Bumper Magnet Set, Waterproof Reusable Magnetic Decals, Gag Gifts for Adults, Office Coworker Pranks, Joke Gifts",N/A,$16.99,,4.5,491.0,False,https://m.media-amazon.com/images/I/71RdBh+55HL._AC_UL320_.jpg,https://m.media-amazon.com/images/I/71RdBh+55HL._AC_SL1500_.jpg,,2026-04-23T10:49:50.285025,
19,2,Organic,,64.0,B0G2RQHYCJ,"Magnet Only Gay Cops Give Me Tickets Magnetic Vinyl Sticker Decal 5""",N/A,$5.95,,,,False,https://m.media-amazon.com/images/I/61ne7m2Az5L._AC_UL320_.jpg,https://m.media-amazon.com/images/I/61ne7m2Az5L._AC_SL1500_.jpg,,2026-04-23T10:49:50.290748,
20,2,Organic,,65.0,B0FJ2XCLTP,"Magnet Me Up Furry & Proud, National Convention Attendee Gag Magnet - 5"" Round Magnetic Decal for Car or Fridge Hilarious Furry Convention Joke Magnet - UV Printed, Weatherproof, Made in USA",N/A,$7.99,,4.9,12.0,False,https://m.media-amazon.com/images/I/71ow5xeYQNL._AC_UL320_.jpg,https://m.media-amazon.com/images/I/71ow5xeYQNL._AC_SL1500_.jpg,,2026-04-23T10:49:50.296859,
21,2,Organic,,66.0,B098SL8GDR,Funny License Plate Frame with Humor Text Gay Pride Rainbow Flag I'm So Gay I Can't Even Drive Straight Stainless Steels Black Car Holder with 2 Holes and Screws 12 x 6 Inch for US Vehicle Standard,N/A,$13.99,,4.6,470.0,False,https://m.media-amazon.com/images/I/51Dx4oHIx2S._AC_UL320_.jpg,https://m.media-amazon.com/images/I/51Dx4oHIx2S._AC_SL1500_.jpg,,2026-04-23T10:49:50.301486,
22,2,Organic,,67.0,B0D9C76322,Ad Astra Graphics In A World Where You Can Be Anything Be Kind Magnet - LGBTQ Pride Ally Love Rainbow Flag Magnet - 5 Inch x 3 Inch Rectangular Multi Color Automotive Magnet - 1 Count - Made in USA,N/A,$7.95,,4.7,50.0,False,https://m.media-amazon.com/images/I/61Vji2g1eeL._AC_UL320_.jpg,https://m.media-amazon.com/images/I/61Vji2g1eeL._AC_SL1500_.jpg,,2026-04-23T10:49:50.307254,
23,2,Organic,,68.0,B0G5X8KH3D,"10PCS Magnetic Bumper Stickers for Car, Funny Rainbow LGBT Stickers, Reusable Prank Bumper Magnets Decal for Car SUV Truck Motorcycle",N/A,$9.88,,5.0,3.0,False,https://m.media-amazon.com/images/I/811uyXBuVtL._AC_UL320_.jpg,https://m.media-amazon.com/images/I/811uyXBuVtL._AC_SL1500_.jpg,,2026-04-23T10:49:50.311911,
24,2,Organic,,69.0,B0D9C74PTX,Equal Rights for Others Doesn't Mean Less Rights for You Magnet - LGBTQ Pride Ally Love Rainbow Flag - Car Truck Bumper Fridge Metal Surface Magnet - 5 Inches On Longest Side - Made in USA - AAMT0119,N/A,$7.95,,4.7,84.0,False,https://m.media-amazon.com/images/I/619XmTqGxeL._AC_UL320_.jpg,https://m.media-amazon.com/images/I/619XmTqGxeL._AC_SL1500_.jpg,,2026-04-23T10:49:50.316001,
25,2,Organic,,70.0,B09RQFSFMF,"I'm So Gay Sticker, Funny Car Sticker, Prank Car Bumper Decal - 6 inches",N/A,$5.99,,4.4,88.0,False,https://m.media-amazon.com/images/I/41EY2N6c3RL._AC_UL320_.jpg,https://m.media-amazon.com/images/I/41EY2N6c3RL._AC_SL1500_.jpg,,2026-04-23T10:49:50.320123,
26,2,Organic,,71.0,B0C78MP5XF,CafePress Honk for Gay Rights Rectangle Car Bumper Magnet,N/A,$5.99,,5.0,1.0,False,https://m.media-amazon.com/images/I/61twH6efkgL._AC_UL320_.jpg,https://m.media-amazon.com/images/I/61twH6efkgL._AC_SL1500_.jpg,,2026-04-23T10:49:50.323763,
27,2,Organic,,72.0,B0758HYW6Q,Follow Me to The Gay Bar Rainbow Auto Bumper Magnet - Hilarious!,N/A,$8.38,,4.6,321.0,False,https://m.media-amazon.com/images/I/61R0vqKuCQL._AC_UL320_.jpg,https://m.media-amazon.com/images/I/61R0vqKuCQL._AC_SL1500_.jpg,,2026-04-23T10:49:50.331468,
28,2,Organic,,73.0,B093CF8V73,"Gay Rainbow - 5"" Magnet for Car Locker Refrigerator",N/A,$8.99,,4.1,25.0,False,https://m.media-amazon.com/images/I/31xGiM8OEAS._AC_UL320_.jpg,https://m.media-amazon.com/images/I/31xGiM8OEAS._AC_SL1500_.jpg,,2026-04-23T10:49:50.336332,
29,2,Organic,,74.0,B0FBWC6GLK,License Plate Frame I'm So Gay I Can't Even Drive Straight Stainless Steel License Plate Frame with 2 Holes & Free Screws 12.2 x 6.3 Inches,N/A,$9.99,,4.0,15.0,False,https://m.media-amazon.com/images/I/5119Nw0YJgL._AC_UL320_.jpg,https://m.media-amazon.com/images/I/5119Nw0YJgL._AC_SL1500_.jpg,,2026-04-23T10:49:50.340381,
30,2,Organic,,75.0,B0CZL6VTSC,Capoda 16 Pcs Gay Pride Cruise Door Magnets Decorations LGBT Ship Car Refrigerator Magnets Stickers Love is Love Rainbow Pride Cruise Door Fridge Magnet for LGBT Home Cruise Car Party Supplies,N/A,$11.99,,4.7,310.0,False,https://m.media-amazon.com/images/I/81yZSnNyh0L._AC_UL320_.jpg,https://m.media-amazon.com/images/I/81yZSnNyh0L._AC_SL1500_.jpg,,2026-04-23T10:49:50.344186,
31,2,Organic,,76.0,B09X7C3W4H,"JBCD Progress Rainbow Gay Pride Flag Magnet Decal LGBTQ Magnet - for Car Truck SUV, 3 Pack, 3x5 Inches",N/A,$9.99,,4.1,16.0,False,https://m.media-amazon.com/images/I/51Fj8nqBisL._AC_UL320_.jpg,https://m.media-amazon.com/images/I/51Fj8nqBisL._AC_SL1500_.jpg,,2026-04-23T10:49:50.348501,
32,2,Organic,,77.0,B07T363PTM,"NOCITUN Funny Fashion Metal License Plate Tag Sign Decoration for Car Woman/Man - 12"" x 6""- Anodized Aluminum I'm So Gay I Can't Even Drive Straight White",N/A,$13.99,,4.6,161.0,False,https://m.media-amazon.com/images/I/516Rb-TBSfL._AC_UL320_.jpg,https://m.media-amazon.com/images/I/516Rb-TBSfL._AC_SL1500_.jpg,,2026-04-23T10:49:50.353878,
33,2,Organic,,78.0,B009995MTC,* Magnet * I Love Gay Porn Magnetic Bumper Sticker Prank,N/A,$4.89,,4.6,716.0,False,https://m.media-amazon.com/images/I/71C+UbYWKML._AC_UL320_.jpg,https://m.media-amazon.com/images/I/71C+UbYWKML._AC_SL1500_.jpg,,2026-04-23T10:49:50.358191,
34,2,Organic,,79.0,B0D79GZXJ8,"12 Pcs Magnetic Bumper Stickers Funny Car Decals Rainbow Prank Pride Stickers for Cars, Trucks, Vehicles, Refrigerators, Waterproof and Reusable Car Magnets, Colorful Auto Accessories",N/A,$8.56,,5.0,3.0,False,https://m.media-amazon.com/images/I/715UPIklG0L._AC_UL320_.jpg,https://m.media-amazon.com/images/I/715UPIklG0L._AC_SL1500_.jpg,,2026-04-23T10:49:50.361628,
35,2,Organic,,80.0,B08YKHGV26,LGBT Bigfoot Gay Pride Bumper Sticker - Not All Who Wander are Lost Premium Vinyl Decal 3 x 3 | for Car Auto LGBTQ Outdoor Hiking PWN LGBTQIA Flag Progress Sign + Better Than Magnets Sticks Anywhere,N/A,$8.49,,4.8,123.0,False,https://m.media-amazon.com/images/I/81JYlDay34S._AC_UL320_.jpg,https://m.media-amazon.com/images/I/81JYlDay34S._AC_SL1500_.jpg,,2026-04-23T10:49:50.365400,
36,2,Organic,,81.0,B0D9C657WD,Be Careful Who You Hate It Could Be Someone You Love Magnet - LGBTQ Pride Ally Love Rainbow Flag - Car Truck Bumper Fridge Metal Surface Magnet - 5 Inches On Longest Side - Made in USA - AAMT0118,N/A,$7.95,,4.9,24.0,False,https://m.media-amazon.com/images/I/61Vmn8rJrbL._AC_UL320_.jpg,https://m.media-amazon.com/images/I/61Vmn8rJrbL._AC_SL1500_.jpg,,2026-04-23T10:49:50.369622,
37,2,Organic,,82.0,B07GRDL388,"MAGNET Gay Rainbow Magnet Decal Fridge Metal Magnet Window Vinyl 5""",N/A,$5.95,,,,False,https://m.media-amazon.com/images/I/41iXjAc3bIL._AC_UL320_.jpg,https://m.media-amazon.com/images/I/41iXjAc3bIL._AC_SL1500_.jpg,,2026-04-23T10:49:50.373261,
38,2,Organic,,83.0,B0F2J65TXW,"Magnet Resist Fascism Magnet Banned Books LGBTQ Rights Trans Equality Liberal Social Justice Pride Black for Bumper, Refrigerator, Cruise Door, Car, Truck 7.5x3.75in",N/A,$6.99,,4.6,54.0,False,https://m.media-amazon.com/images/I/51ml5sowWyL._AC_UL320_.jpg,https://m.media-amazon.com/images/I/51ml5sowWyL._AC_SL1500_.jpg,,2026-04-23T10:49:50.378169,
39,2,Organic,,84.0,B0B63YWYDR,"LGBT Rainbow Metal Car Sticker, Gay Pride Emblem, LGBTQ Pride Lesbian Bisexual Transgender Support Decal for Auto, Motorcycle, Truck, Laptop, Wall, Window",N/A,$9.99,,4.0,61.0,False,https://m.media-amazon.com/images/I/618ohqdD+aL._AC_UL320_.jpg,https://m.media-amazon.com/images/I/618ohqdD+aL._AC_SL1500_.jpg,,2026-04-23T10:49:50.384715,
40,2,Organic,,85.0,B0F43WGBDP,"LGBTQ Car Magnet, Highly Reflective Rainbow Gay Car Bumper Sticker Fridge Surface Pride Decoration Funny Magnetic Sign Accessories for Vehicle Truck Window Refrigerator",N/A,$5.79,,,,False,https://m.media-amazon.com/images/I/71CzCLti2rL._AC_UL320_.jpg,https://m.media-amazon.com/images/I/71CzCLti2rL._AC_SL1500_.jpg,,2026-04-23T10:49:50.390046,
41,2,Organic,,86.0,B07LGG4FQY,Gear Tatz - SKINNY GAY PRIDE RAINBOW FLAG - LGBTQ PRIDE CAR MAGNET - 1.75 x 10 inches - Professionally Made in the USA - Magnetic Decal,N/A,$14.50,,4.5,97.0,False,https://m.media-amazon.com/images/I/41iJXZ1NB1L._AC_UL320_.jpg,https://m.media-amazon.com/images/I/41iJXZ1NB1L._AC_SL1500_.jpg,,2026-04-23T10:49:50.394594,
42,2,Organic,,87.0,B0FKMTW2J2,"3pcs Subtle LGBTQ+ Cute The Gay Agenda Pride Progress Flag Magnet Stickers, LGBT Queer Safe‑Space Ally, LGBTQIA Rainbow 3pcs 3″×1.2″ for Car, Fridge, Locker, Strong, UV‑Resistant Magnet, & Reusable",N/A,$4.99,,,,False,https://m.media-amazon.com/images/I/61MDZ7QqwAL._AC_UL320_.jpg,https://m.media-amazon.com/images/I/61MDZ7QqwAL._AC_SL1500_.jpg,,2026-04-23T10:49:50.399013,
43,2,Organic,,88.0,B09HY897D4,"Follow Me to The Gay Bar - 11.5"" x 2.75"" Rainbow Auto Car Truck Bumper Locker Flat Surface All Weather Vinyl Decal Sticker",N/A,$5.90,,4.5,95.0,False,https://m.media-amazon.com/images/I/51cT+tYU8vL._AC_UL320_.jpg,https://m.media-amazon.com/images/I/51cT+tYU8vL._AC_SL1500_.jpg,,2026-04-23T10:49:50.403124,
44,2,Organic,,89.0,B0FGVY5YXT,"(4 Pcs) LGBTQ+ You are Safe with Me Stickers - Pride Decals for Cars, Bumper, Truck, Tumbler, Laptop - Human Be Kind Rainbow Flag Stickers for Ally, Gay, Lesbian, Bisexual - Gay Pride Sticker 3 Inch",N/A,$7.95,,4.8,5.0,False,https://m.media-amazon.com/images/I/71O7mZyRqJL._AC_UL320_.jpg,https://m.media-amazon.com/images/I/71O7mZyRqJL._AC_SL1500_.jpg,,2026-04-23T10:49:50.406911,
45,2,Organic,,90.0,B0C2YW4174,"Hying 2PCS Gay Pride Bumper Stickers, LGBTQ Love is Love Magnetic, Reusable Pride Month Decorations, Multicolor, Vinyl, Rectangular Stickers for Cars",N/A,$9.89,,4.7,16.0,False,https://m.media-amazon.com/images/I/51xiCuRKRfL._AC_UL320_.jpg,https://m.media-amazon.com/images/I/51xiCuRKRfL._AC_SL1500_.jpg,,2026-04-23T10:49:50.411004,
46,2,Organic,,91.0,B096PGCWYL,LGBT Honey Bee You – Be Yourself - Gay Pride Bumper Sticker | LGBTQ Rainbow Flag Premium Vinyl Decal 3 x 3 for Car Auto Equality LGBTQIA Coexist Progress Sign + Better Than Magnets Sticks Anywhere,N/A,$8.49,,4.8,287.0,False,https://m.media-amazon.com/images/I/81+rGA0IbnS._AC_UL320_.jpg,https://m.media-amazon.com/images/I/81+rGA0IbnS._AC_SL1500_.jpg,,2026-04-23T10:49:50.415131,
47,2,Organic,,92.0,B0D9C6GD8J,Why Be Racist Sexist Homophobic You Could Be Quiet Magnet - LGBTQ Pride Ally Love Rainbow Flag - Car Truck Bumper Fridge Metal Surface Magnet - 5 Inches On Longest Side - Made in USA - AAMT0105,N/A,$6.95,,4.1,6.0,False,https://m.media-amazon.com/images/I/61l4JyCq3mL._AC_UL320_.jpg,https://m.media-amazon.com/images/I/61l4JyCq3mL._AC_SL1500_.jpg,,2026-04-23T10:49:50.419415,
48,2,Organic,,93.0,B0G2RSQBHG,"Magnet Here I Go in My Gay Little Car Magnetic Vinyl Sticker Decal 5""",N/A,$5.95,,,,False,https://m.media-amazon.com/images/I/41-o2azcujL._AC_UL320_.jpg,https://m.media-amazon.com/images/I/41-o2azcujL._AC_SL1500_.jpg,,2026-04-23T10:49:50.422851,
49,2,Organic,,94.0,B087PBTW2G,"MAGNET Joe Biden For President| Biden LGBT | Gay Pride Rainbow Magnetic Vinyl Car Bumper Sticker 5""",N/A,$5.95,,4.1,109.0,False,https://m.media-amazon.com/images/I/419tc59IRgL._AC_UL320_.jpg,https://m.media-amazon.com/images/I/419tc59IRgL._AC_SL1500_.jpg,,2026-04-23T10:49:50.426443,
50,2,Organic,,95.0,B0G2RTF5TP,"Magnet Honk If Youâ€™Re Gay Magnetic Vinyl Sticker Decal 5""",N/A,$5.95,,,,False,https://m.media-amazon.com/images/I/51iFKxVNoZL._AC_UL320_.jpg,https://m.media-amazon.com/images/I/51iFKxVNoZL._AC_SL1500_.jpg,,2026-04-23T10:49:50.429809,
51,2,Organic,,96.0,B0DKCBRGGZ,My Other Ride is a Penis Magnet Large 3x10 Bumper Sticker Size Sexy Adult Prank Joke Gag Magnet - Black,N/A,$11.99,,5.0,2.0,False,https://m.media-amazon.com/images/I/51raer3VjLL._AC_UL320_.jpg,https://m.media-amazon.com/images/I/51raer3VjLL._AC_SL1500_.jpg,,2026-04-23T10:49:50.433818,
53,2,Title,,,,Debug info copied.SponsoredCustom Duck Cruise Door Magnets Fun Duck Cruise Door Decorations Ducky Ma,,,,,,False,,,,2026-04-23T10:49:50.434607,
54,2,Title,,,,Previous123...7Next,,,,,,False,,,,2026-04-23T10:49:50.434938,
55,2,SB,2.0,,,N/A,https://aax-us-east-retail-direct.amazon.com/x/c/JIYCBB86baAw8Z6ueHKkAbUAAAGduD5VbAEAAAH2AQBvbm9fdHhuX2JpZDcgICBvbm9fdHhuX2ltcDIgICAFgP9c/clv1c_ek-wxPfXUsbSTAWEa8rUpBy2FiCE8oPTb_SiLYpri84ubKvK0ZoyljraNsuqqWdm9nyQuONaYiAorb_4Zo3xp-FkTmBO9jsuGNDlCvRMfswzIZvlOFIJtQa4ZPhEDqKRsE6tkJvujE66roD7HDtDPujfQFwcnkXu0o6UP4eqjwEfSk_1OILr6zmi6qyv4i7sVf4bxPFX3gfH3v6RsRwAk_ApsU-_RQvjdAdwsvj-F8UBYXLsFmM3D6-zaGIGWPqhF7l_hPG48eYhDwifeY8vW45BqsvsqvYuJDZMUFSm776q_z93ijLJfK91EejLuWyt_iRGvyFS-Wz89TLClUsu2MsI2O4L94WUHFoTT6RW2nt8rd9a8kd9Tc-tF0dMrs_PyJ2pWEe3WFwfoSrd4E-CWeF-OzW9iM6pvN-7DmIpSE7EECoAn9qHhD-NuhM2BBY9k7XpjTeQNzRgRTRwgTtJIUdnN4AON4A3MRiGGyK9-z-dAHYXijmxXN5pc4-SU3KTysVxmhhOgf0QhIBw-JQWDnIP2T2fshyonptZLWA2E5scs42uyHy1ZD-kh4ns0d9yOiHR0HgcQyMDBLkMLweKJRRY8gydUQsnJkVU21m09LqjNB4Jz283yyFyO1pHUw2ldG84VA4223zRga3ngtJnmvirGKYqyxmhM1nf_PZ3Iooc7gcUy97mK0w3egqRAwY2jp0ZmyKeKwOsE2as5j9D8o_shcmcbKDfCcSz-dNmbdng5pg4sMNUoHt06rsLcqFXKMgHk5u-NMKpy8mfe6f9t-mvbbqIw3ZkqeiiNfO0O6QT7S3fMox3yMYAyqoe1J5lGp8Sb9C_HIpBq230UBXt3W_WswadRZHQLJxvSCcnJRkH705XKJqaYuwSUr8Jn905cWDiQptMCPiu9rnsXkli7o3rhWy57ULZso8yzu3uXaYI24AdvfV4pzrQI_3jbxirm3Ix3KlKMFV7RWolvjd_h6gRBkzxxhLg47xjICsoQhSLWpseDNUdpmQexRPKIcUzk1mxGMiWzhNS5GJhRTLYcmdOP8_dwaJxtefV9KHNXsEu8WyPTQp1NhjxHYwP3Nw2n2FzcoHxBNZmIHRKqEwWKAsRwEgEjBTu49x1SvbFsCZe7iKZ2kPhOp2L1t8m4rMQXGNcL0S5le1hthulZuhxY9lJURtY-9Zs_NSbgWr02ur-faGqHfP5Hhp9iq6Sfuo1sL_MXMHA8c2S9lfmtuytT2zRdN6pM12JNQNCM_-ezmnohniyAj9q6sO9iXe-mSBZ9hzjsj6pcZif62he9ZYnBUFc7WeDaxZ3tGWgYWuN4SqgKYR4K0ep9se6dz9Lz97EfLgzSr2QarjzX53whB3VV9Ir44wccyNmWaTUDSDxaN7WLBOaZ4wZrQ-7TVGUnsmnae22KZ8rOX6lXYHlwYqUTEOPL8z0FMltrnqVZSYW3zZbL79g6L5a6G0AxjdGnUa7mv6Sp5e5h6S517ACOstf010ojDlrYjTN9y3JzDqFw8Zqz9VEqosgng_95xPOVPsipsUiFonOk5F7KWjL68sKIgrr-fvh8PPtj1hMWZCWjTzCyTSBcK_zfhH9gCVUlOvSe23Efg60swKGtF_52G2caeWdf-WFnDLTZ2CaXeEExw908fIVylWQ1qBCLdfkmGiI6JduouaPNauN2yo8AhcQ-769KUC6gbquiKNqyDBLgQ/https://www.amazon.com/stores/page/43112043-78C1-45D4-92CC-1A723B72F4A4/?_encoding=UTF8&store_ref=SB_A070186719OGVT5Q50QX2-A0712219UCCL6EFV0GF1&pd_rd_plhdr=t&aaxitk=1bd08ea5c14c02d0f48c2715e16b33c4&hsa_cr_id=0&lp_asins=B0GDXV1C45%2CB0D96N4PXQ%2CB0GCL4WDX8&lp_query=gay%20car%20magnets&lp_slot=desktop-hsa-3psl&ref_=sbx_be_s_3psl_mbd_mb0_bkgd&pd_rd_w=uQE2b&content-id=amzn1.sym.cd7c548b-a599-426f-9ffe-daa1aa803c87%3Aamzn1.sym.cd7c548b-a599-426f-9ffe-daa1aa803c87&pf_rd_p=cd7c548b-a599-426f-9ffe-daa1aa803c87&pf_rd_r=QVV9KJGVTSYSE48VVP1J&pd_rd_wg=Ti5Xx&pd_rd_r=83aab4f2-1225-4371-b52b-48b4aa93450f,,,,,False,,,N/A,2026-04-23T10:49:50.439128,
56,2,Title,,,,Need help?Visit the help sectionorcontact us,,,,,,False,,,,2026-04-23T10:49:50.439614,
0,3,SB_Video,3.0,,,N/A,N/A,,,,,False,,,,2026-04-23T10:50:04.795526,1.0
1,3,Title,,,,ResultsCheck each product page for other buying options. Price and other details may vary based on p,,,,,,False,,,,2026-04-23T10:50:04.796695,
3,3,Organic,,97.0,B0DKCBRGGZ,My Other Ride is a Penis Magnet Large 3x10 Bumper Sticker Size Sexy Adult Prank Joke Gag Magnet - Black,N/A,$11.99,,5.0,2.0,False,https://m.media-amazon.com/images/I/51raer3VjLL._AC_UL320_.jpg,https://m.media-amazon.com/images/I/51raer3VjLL._AC_SL1500_.jpg,,2026-04-23T10:50:04.800886,
4,3,Organic,,98.0,B07DYH1WXG,GRAPHICS & MORE Oh Deer I'm Queer Rainbow Pride Gay Lesbian Funny Automotive Car Refrigerator Locker Vinyl Euro Oval Magnet,N/A,$8.99,,4.6,207.0,False,https://m.media-amazon.com/images/I/61CfqbvqdTL._AC_UL320_.jpg,https://m.media-amazon.com/images/I/61CfqbvqdTL._AC_SL1500_.jpg,,2026-04-23T10:50:04.804491,
5,3,Organic,,99.0,B0D9C66Z7K,"Ad Astra Graphics We Are All Human LGBTQ Pride Ally Love Rainbow Flag Rectangular Magnet - 5"" x 3"" - 1 Count - Made in USA - AAMT0112",N/A,$7.95,,4.5,26.0,False,https://m.media-amazon.com/images/I/518SA+w6QaL._AC_UL320_.jpg,https://m.media-amazon.com/images/I/518SA+w6QaL._AC_SL1500_.jpg,,2026-04-23T10:50:04.811996,
6,3,Title,,,,More results,,,,,,False,,,,2026-04-23T10:50:04.812918,
7,3,Organic,,100.0,B078SK96FG,GRAPHICS & MORE Oh Deer I'm Queer Rainbow Pride Gay Lesbian Funny Automotive Car Refrigerator Locker Vinyl Circle Magnet,N/A,$8.99,,4.6,73.0,False,https://m.media-amazon.com/images/I/61B6X0fq0-L._AC_UL320_.jpg,https://m.media-amazon.com/images/I/61B6X0fq0-L._AC_SL1500_.jpg,,2026-04-23T10:50:04.817058,
8,3,Organic,,101.0,B08QDLQJ66,LGBT Rainbow Flag Gay Pride Bumper Sticker – LGBTQ Stars & Stripes Premium Vinyl Decal 5 x 3 | for Cars Auto LGBTQIA Progress Be You Equality Coexist USA Sign + Better Than Magnets Sticks Anywhere,N/A,$8.49,,4.8,147.0,False,https://m.media-amazon.com/images/I/713P5X4ZIKL._AC_UL320_.jpg,https://m.media-amazon.com/images/I/713P5X4ZIKL._AC_SL1500_.jpg,,2026-04-23T10:50:04.822259,
9,3,Organic,,102.0,B0F5QBC638,"3 Pcs Here I Go in My Gay Little Car Sticker – Funny LGBTQ+ Meme Bumper Sticker Vinyl Waterproof Decal for Laptop, Water Bottle, Phone, Car, Helmet, Notebook, Window – 5 Inch Cute Queer Humor Pack",N/A,$9.99,,5.0,4.0,False,https://m.media-amazon.com/images/I/51OAdm0pocL._AC_UL320_.jpg,https://m.media-amazon.com/images/I/51OAdm0pocL._AC_SL1500_.jpg,,2026-04-23T10:50:04.826785,
10,3,Organic,,103.0,B0C2GPSRBZ,"ALIBBON 2Pcs Gay Pride Rainbow Car Magnet for LGBTQ, Pride Month Bumper Decals",N/A,$7.99,,4.1,15.0,False,https://m.media-amazon.com/images/I/61+ZBJebVHL._AC_UL320_.jpg,https://m.media-amazon.com/images/I/61+ZBJebVHL._AC_SL1500_.jpg,,2026-04-23T10:50:04.830930,
11,3,Organic,,104.0,B09VNB86JW,Be Careful Who You Hate It Could Be Someone You Love | LGBT Magnet | Great Gift Idea|Single |5 Inch Magnet | Made in The USA | Car Auto Tool Box Refrigerator Magnet|S10340,N/A,$6.95,,4.8,145.0,False,https://m.media-amazon.com/images/I/619uIwKVLtL._AC_UL320_.jpg,https://m.media-amazon.com/images/I/619uIwKVLtL._AC_SL1500_.jpg,,2026-04-23T10:50:04.834466,
12,3,Organic,,105.0,B01H0W7HYC,"CafePress Honk for Gay Rights 10"" x 3"", Bumper Magnet",N/A,$9.99,,4.3,14.0,False,https://m.media-amazon.com/images/I/41N7zTI4s+L._AC_UL320_.jpg,https://m.media-amazon.com/images/I/41N7zTI4s+L._AC_SL1500_.jpg,,2026-04-23T10:50:04.838171,
13,3,Organic,,106.0,B0FKMSB11X,"3pcs Subtle LGBTQ+ Cute Cat Pride Progress Flag Magnet Stickers, LGBT Queer Safe‑Space Ally, LGBTQIA Rainbow 3pcs 3″×1.3″ for Car, Fridge, Locker, Strong, UV‑Resistant Magnet, & Reusable",N/A,$6.99,,4.8,7.0,False,https://m.media-amazon.com/images/I/61wR3AfHGyL._AC_UL320_.jpg,https://m.media-amazon.com/images/I/61wR3AfHGyL._AC_SL1500_.jpg,,2026-04-23T10:50:04.843790,
14,3,Organic,,107.0,B07JPCM7NN,"Mosaic Rainbow Heart Gay Pride - Magnet - Car Fridge Locker - 5.5""",N/A,$8.99,,4.7,155.0,False,https://m.media-amazon.com/images/I/51HZIIRfrTL._AC_UL320_.jpg,https://m.media-amazon.com/images/I/51HZIIRfrTL._AC_SL1500_.jpg,,2026-04-23T10:50:04.847459,
15,3,Organic,,108.0,B0G2RNXNHH,"Magnet Only Gay Cops Pull Me Over Magnetic Vinyl Sticker Decal 5""",N/A,$5.95,,,,False,https://m.media-amazon.com/images/I/61Ov0rUlViL._AC_UL320_.jpg,https://m.media-amazon.com/images/I/61Ov0rUlViL._AC_SL1500_.jpg,,2026-04-23T10:50:04.850567,
16,3,Organic,,109.0,B0DRQQC5Z3,"MAIANEY [7.5""x4.5""] I'm So Gay I Cant Even Park Straight Bumper Magnet Funny Adult Humor Car Magnets Gay Joke Warning Prank Gen Z Meme New Driver Gifts For Men Decorations Car Truck Vehicle Automobile",N/A,$5.99,,,,False,https://m.media-amazon.com/images/I/61klRayo4oL._AC_UL320_.jpg,https://m.media-amazon.com/images/I/61klRayo4oL._AC_SL1500_.jpg,,2026-04-23T10:50:04.854171,
17,3,Organic,,110.0,B0GCVZ99MX,Magnet I'm Not Gay But My Boyfriend is Car Magnet Decal LGBTQWaterproof Vinyl Magnetic Bumper Sticker for Trucks Vans Refrigerators Cars 7.5x3.75in,N/A,$8.90,,,,False,https://m.media-amazon.com/images/I/71ZLYMYe1DL._AC_UL320_.jpg,https://m.media-amazon.com/images/I/71ZLYMYe1DL._AC_SL1500_.jpg,,2026-04-23T10:50:04.857222,
18,3,Organic,,111.0,B00SDTDEA8,"Crazy Sticker Guy Funny Warning Magnets - Driver is Gay - 6"" by 3"" - Great for Practical Jokes! Removable!",N/A,$8.49,,4.4,27.0,False,https://m.media-amazon.com/images/I/51uqv9PqcwL._AC_UL320_.jpg,https://m.media-amazon.com/images/I/51uqv9PqcwL._AC_SL1500_.jpg,,2026-04-23T10:50:04.860467,
19,3,Organic,,112.0,B0FR46R6RN,"Shaking Wooden Man Figurine with 12 Magnetic Changeable Faces - Handmade Shaking Feet Wooden Doll, Fun Car Decor for Dashboard and Interior,Car Dashboard Decorations",N/A,$9.99,,4.4,138.0,False,https://m.media-amazon.com/images/I/71Gu22ps9YL._AC_UL320_.jpg,https://m.media-amazon.com/images/I/71Gu22ps9YL._AC_SL1500_.jpg,,2026-04-23T10:50:04.863676,
20,3,Organic,,113.0,B087C9VYZG,"Gay Pride Heart - LGBTQ Magnets Car Refrigerator Metal Sign Magnetic Vinyl 5""",N/A,$5.95,,5.0,3.0,False,https://m.media-amazon.com/images/I/41dxGLLYe7L._AC_UL320_.jpg,https://m.media-amazon.com/images/I/41dxGLLYe7L._AC_SL1500_.jpg,,2026-04-23T10:50:04.866702,
21,3,Organic,,114.0,B08Y886HWQ,Outus 16 Pcs Flower Magnets for Car Funny Cute Magnetic Car Decals Hippie 60s 70s Decorative Flower Magnets Decorations for Door Fridge Home Refrigerator (3.9 Inch/2.2 Inch),N/A,$7.99,,4.7,2366.0,False,https://m.media-amazon.com/images/I/71s3GYCOVeL._AC_UL320_.jpg,https://m.media-amazon.com/images/I/71s3GYCOVeL._AC_SL1500_.jpg,,2026-04-23T10:50:04.870075,
22,3,Organic,,115.0,B08ZW1VRKC,"Progress Pride Rainbow Flag Magnet | Show Your Love for The LGBT Family with This Magnetic Sign on Your Laptop, Car Bumper, or Hydro-Flask (3 X 5 Inch)",N/A,$9.95,,4.6,200.0,False,https://m.media-amazon.com/images/I/514mpkKxjlL._AC_UL320_.jpg,https://m.media-amazon.com/images/I/514mpkKxjlL._AC_SL1500_.jpg,,2026-04-23T10:50:04.873920,
23,3,Organic,,116.0,B0G2RTXGYT,"Magnet Gay Bear Man Showing Off Magnetic Vinyl Sticker Decal 5""",N/A,$5.95,,,,False,https://m.media-amazon.com/images/I/61fQ1RVBjiL._AC_UL320_.jpg,https://m.media-amazon.com/images/I/61fQ1RVBjiL._AC_SL1500_.jpg,,2026-04-23T10:50:04.876868,
24,3,Organic,,117.0,B0D9C6MKJ4,Love Always Wins Magnet - LGBTQ Pride Ally Love Rainbow Flag Magnet - Car Truck Bumper Fridge Metal Surface Magnet - 5 Inches On Longest Side - Made in USA - AAMT0091,N/A,$7.95,,4.0,2.0,False,https://m.media-amazon.com/images/I/61674OJNxhL._AC_UL320_.jpg,https://m.media-amazon.com/images/I/61674OJNxhL._AC_SL1500_.jpg,,2026-04-23T10:50:04.881152,
25,3,Organic,,118.0,B0CG1HWD44,"12pcs Funny Car Magnet, Prank Magnetic Bumper Decals for Adult Waterproof Car Hilarious Bumper Sticker Reusable Joke Funny Bumper Warming Sign for Car Truck Vehicle",N/A,$17.99,,4.6,106.0,False,https://m.media-amazon.com/images/I/81bF9U3qFIL._AC_UL320_.jpg,https://m.media-amazon.com/images/I/81bF9U3qFIL._AC_SL1500_.jpg,,2026-04-23T10:50:04.885122,
26,3,Organic,,119.0,B0BTXD11GM,Kingdder 48 Pieces Retro Flower Car Magnets Decorations Refrigerator Decals 60s Multicolor Flower Cutout Magnets for Car Home Door Garage Refrigerator Window Mailbox,N/A,$18.99,,4.4,114.0,False,https://m.media-amazon.com/images/I/71yvLeuJOSL._AC_UL320_.jpg,https://m.media-amazon.com/images/I/71yvLeuJOSL._AC_SL1500_.jpg,,2026-04-23T10:50:04.888555,
27,3,Organic,,120.0,B0D3YQZL8W,10PC Funny Car Bumper Magnet Fun Magnetic Magnets Sticker Decal Prank for Cars Truck Adults Hot Girls Hit Curbs New Driver Please Be Patient Beep Honk Poop Joke Novelty Accessories Gifts,N/A,$9.99,,4.5,125.0,False,https://m.media-amazon.com/images/I/61-QNmp6RTL._AC_UL320_.jpg,https://m.media-amazon.com/images/I/61-QNmp6RTL._AC_SL1500_.jpg,,2026-04-23T10:50:04.891936,
28,3,Organic,,121.0,B0D5B23LBB,"(2 Pack) Sounds Gay I'm in Magnets - Funny LGBTQ Magnet Gay Pride - 5"" On Longest Side - Premium Magnet - for Cars, Refrigerators, Toolboxes, Lockers - Made in USA - MAG0472",N/A,$8.95,,3.0,1.0,False,https://m.media-amazon.com/images/I/71m39Zd2EZL._AC_UL320_.jpg,https://m.media-amazon.com/images/I/71m39Zd2EZL._AC_SL1500_.jpg,,2026-04-23T10:50:04.896106,
29,3,Organic,,122.0,B0DQWDSB6Z,"MAIANEY [7.5""x4.5""] Humankind Be Both Magnetic Bumper Sticker Be Kind Social Justice Equality Bumper Magnets Women's Rights Human Rights Kindness Peace Gifts Decorations Car Truck Automobile Vehicle",N/A,$5.99,,5.0,2.0,False,https://m.media-amazon.com/images/I/51y7WR9bMVL._AC_UL320_.jpg,https://m.media-amazon.com/images/I/51y7WR9bMVL._AC_SL1500_.jpg,,2026-04-23T10:50:04.900447,
30,3,Organic,,123.0,B0FC1V8PJS,"10PCS Funny Car Bumper Magnet Prank Decals, Waterproof Car Stickers Hot Girls Hit Curbs New Driver Please Be Patient Beep Honk Poop",N/A,$6.49,,,,False,https://m.media-amazon.com/images/I/81N9V57BCgL._AC_UL320_.jpg,https://m.media-amazon.com/images/I/81N9V57BCgL._AC_SL1500_.jpg,,2026-04-23T10:50:04.903761,
31,3,Organic,,124.0,B0C7LQ1GVY,"Overdecor Rainbow Gay Pride Flag Decal Sticker LGBT Emblem Flags for Car Bumper, 2 Pack",N/A,$9.99,,4.4,25.0,False,https://m.media-amazon.com/images/I/512-f+-XsJL._AC_UL320_.jpg,https://m.media-amazon.com/images/I/512-f+-XsJL._AC_SL1500_.jpg,,2026-04-23T10:50:04.907289,
32,3,Organic,,125.0,B0DXKMMF3H,"3Pcs I Love Gay Porn Sticker, I Love Gay Porn Rainbow Pride Prank Bumper Sticker, LGBT Pride Flag Vinyl Decal, Universal Colorful Gay Pride Decals - Sticker For Laptop Water Bottle Car Phone Helmet 3""",N/A,$7.99,,5.0,2.0,False,https://m.media-amazon.com/images/I/61KPoZInKhL._AC_UL320_.jpg,https://m.media-amazon.com/images/I/61KPoZInKhL._AC_SL1500_.jpg,,2026-04-23T10:50:04.910916,
33,3,Organic,,126.0,B0D9C6MF3C,Rainbow Pride Flag Paw Magnet - LGBTQ Pride Ally Love Rainbow Flag Magnet - Car Truck Bumper Fridge Metal Surface Magnet - 5 Inches On Longest Side - Made in USA - AAMT0191,N/A,$7.95,,4.6,12.0,False,https://m.media-amazon.com/images/I/51O16Jm9fPL._AC_UL320_.jpg,https://m.media-amazon.com/images/I/51O16Jm9fPL._AC_SL1500_.jpg,,2026-04-23T10:50:04.916199,
34,3,Organic,,127.0,B0GTC186PT,"Hella Gay Rainbow Pride LGBTQ Funny Quote 5"" Magnetic Bumper Sticker Car Magnet",N/A,$5.95,,,,False,https://m.media-amazon.com/images/I/51uBKa4cTFL._AC_UL320_.jpg,https://m.media-amazon.com/images/I/51uBKa4cTFL._AC_SL1500_.jpg,,2026-04-23T10:50:04.919691,
35,3,Organic,,128.0,B0DQWDGXXW,"MAIANEY [7.5""x4.5""] Proud Ally Magnetic Bumper Sticker Gay Pride Trans Pride Magnet Support LGBTQ Equality Bumper Magnets Equal Rights Human Rights Ally Gifts Decorations Car Truck Automobile Vehicle",N/A,$5.99,,,,False,https://m.media-amazon.com/images/I/41CDHj0A6ML._AC_UL320_.jpg,https://m.media-amazon.com/images/I/41CDHj0A6ML._AC_SL1500_.jpg,,2026-04-23T10:50:04.922913,
36,3,Organic,,129.0,B0G2T3QQM3,"Magnet I'm Not Gay I'm Super Gay Pride LGBT Flag Magnetic Vinyl Sticker Decal 5""",N/A,$5.95,,,,False,https://m.media-amazon.com/images/I/61+22byBJyL._AC_UL320_.jpg,https://m.media-amazon.com/images/I/61+22byBJyL._AC_SL1500_.jpg,,2026-04-23T10:50:04.926090,
37,3,Organic,,130.0,B0G2RQPCH3,"Magnet Woke Up Gay Again Magnetic Vinyl Sticker Decal 5""",N/A,$5.95,,,,False,https://m.media-amazon.com/images/I/51zaj9aPy4L._AC_UL320_.jpg,https://m.media-amazon.com/images/I/51zaj9aPy4L._AC_SL1500_.jpg,,2026-04-23T10:50:04.929314,
38,3,Organic,,131.0,B0G2RMB398,"Magnet Warning Driver is Gay Magnetic Vinyl Sticker Decal 5""",N/A,$5.95,,,,False,https://m.media-amazon.com/images/I/51eWXnjgCUL._AC_UL320_.jpg,https://m.media-amazon.com/images/I/51eWXnjgCUL._AC_SL1500_.jpg,,2026-04-23T10:50:04.932793,
39,3,Organic,,132.0,B0B6MZ2XB4,BBTO 25 Pcs Car Magnet Decorations 60s Hippie Theme Party Magnetic Decals Fridge Magnets Flower Peace Sticker Love Sign Colorful for Refrigerator Mailbox (Car Style),N/A,$9.99,,4.5,438.0,False,https://m.media-amazon.com/images/I/812nC3J-dzL._AC_UL320_.jpg,https://m.media-amazon.com/images/I/812nC3J-dzL._AC_SL1500_.jpg,,2026-04-23T10:50:04.936215,
40,3,Organic,,133.0,B0G2RSG1LT,"Magnet Gay Pride I Am Gay I Am Not Straight Magnetic Vinyl Sticker Decal 5""",N/A,$5.95,,,,False,https://m.media-amazon.com/images/I/5134n4wZODL._AC_UL320_.jpg,https://m.media-amazon.com/images/I/5134n4wZODL._AC_SL1500_.jpg,,2026-04-23T10:50:04.939282,
41,3,Organic,,134.0,B0G2G4B8YW,"Magnet Only Gay Cops Pull Me Over, Gay Cops Funny Quotes Magnetic Vinyl Sticker Decal 5""",N/A,$5.95,,,,False,https://m.media-amazon.com/images/I/41H3qEmSebL._AC_UL320_.jpg,https://m.media-amazon.com/images/I/41H3qEmSebL._AC_SL1500_.jpg,,2026-04-23T10:50:04.942362,
42,3,Organic,,135.0,B0C6JM3F29,"Cops are Gay LGBT Funny Apparel Bumper Sticker Vinyl Decal 5""",N/A,$4.95,,4.7,10.0,False,https://m.media-amazon.com/images/I/51SEYVgQrrL._AC_UL320_.jpg,https://m.media-amazon.com/images/I/51SEYVgQrrL._AC_SL1500_.jpg,,2026-04-23T10:50:04.945863,
43,3,Organic,,136.0,B0F24FNNDL,"Yoppix 10PCS Funny Car Bumper Magnet, New Driver Magnet Prank Magnetic Sticker for Car Truck Metal, Hot Girls Hit Curbs New Driver Please Be Patient Waterproof Reusable",N/A,$15.99,,4.4,117.0,False,https://m.media-amazon.com/images/I/712W1py7MRL._AC_UL320_.jpg,https://m.media-amazon.com/images/I/712W1py7MRL._AC_SL1500_.jpg,,2026-04-23T10:50:04.949527,
44,3,Organic,,137.0,B0G2RPB3VB,"Magnet Gays for Trump Magnetic Vinyl Sticker Decal 5""",N/A,$5.95,,,,False,https://m.media-amazon.com/images/I/51-K2k8pkNL._AC_UL320_.jpg,https://m.media-amazon.com/images/I/51-K2k8pkNL._AC_SL1500_.jpg,,2026-04-23T10:50:04.952449,
45,3,Organic,,138.0,B09H5FMKWY,PTDecals 2 PCS Metal 3D Rainbow Emblem Sticker LGBT Gay Lesbian Pride Decals Universal Vehicle Auto Car Front Fenders Bumper Side Window Trunk Boot Tailgate (58x14mm),N/A,$12.56,,4.6,286.0,False,https://m.media-amazon.com/images/I/61MuMp4CyeL._AC_UL320_.jpg,https://m.media-amazon.com/images/I/61MuMp4CyeL._AC_SL1500_.jpg,,2026-04-23T10:50:04.955847,
46,3,Organic,,139.0,B09VNMGHQT,Kindness Peace Equality Love Hope Diversity | LGBT Sticker |Great Gift Idea|Single |5 Inch Magnet | Made in The USA | Car Auto Tool Box Refrigerator Magnet|S10326,N/A,$6.95,,4.9,20.0,False,https://m.media-amazon.com/images/I/51a178KtYDL._AC_UL320_.jpg,https://m.media-amazon.com/images/I/51a178KtYDL._AC_SL1500_.jpg,,2026-04-23T10:50:04.959192,
47,3,Organic,,140.0,B0D9C74TY9,"Ad Astra Graphics Proud Ally Heart Magnet - LGBTQ Pride Ally Love Rainbow Flag Magnet - Rectangular, 5 Inches - Made in USA - AAMT0180",N/A,$7.95,,4.4,25.0,False,https://m.media-amazon.com/images/I/516PUnfkMWL._AC_UL320_.jpg,https://m.media-amazon.com/images/I/516PUnfkMWL._AC_SL1500_.jpg,,2026-04-23T10:50:04.963570,
48,3,Organic,,141.0,B0924R6D7H,Gay Pride Black Lives Matter Bumper Sticker - Equality for BLM LGBT Vinyl Decal 6 x 2 | Challenge Entrenched Biases & End Racism - for Car Auto BLM LGBTQ LGBTQIA + Better Than Magnets Sticks Anywhere,N/A,$8.49,,4.7,166.0,False,https://m.media-amazon.com/images/I/71Yd1vVI95L._AC_UL320_.jpg,https://m.media-amazon.com/images/I/71Yd1vVI95L._AC_SL1500_.jpg,,2026-04-23T10:50:04.967724,
49,3,Organic,,142.0,B0G2RPT5NP,"Magnet Gaymer LGBT Gay Magnetic Vinyl Sticker Decal 5""",N/A,$5.95,,,,False,https://m.media-amazon.com/images/I/51Z3S95pRWL._AC_UL320_.jpg,https://m.media-amazon.com/images/I/51Z3S95pRWL._AC_SL1500_.jpg,,2026-04-23T10:50:04.971000,
50,3,Organic,,143.0,B0F3C4QNSN,"7.5x3.75(in) - Funny Magnet - honk if You are Gay Bumper Magnet - honk if You are Gay Bumper Sticker - Vehicle, Car, Truck",N/A,$8.99,,5.0,1.0,False,https://m.media-amazon.com/images/I/51K9htXof4L._AC_UL320_.jpg,https://m.media-amazon.com/images/I/51K9htXof4L._AC_SL1500_.jpg,,2026-04-23T10:50:04.974217,
51,3,Organic,,144.0,B0C8B3BGC4,"Funny License Plate Frame Metal Aluminum Humor Text Gay Pride Rainbow Flag - I'm So Gay,I Can't Even Drive Straight,Funny Car Cover Holder Accessories (12 x 6 Inch)",N/A,$6.99,,4.6,225.0,False,https://m.media-amazon.com/images/I/61wT5GzwcNL._AC_UL320_.jpg,https://m.media-amazon.com/images/I/61wT5GzwcNL._AC_SL1500_.jpg,,2026-04-23T10:50:04.977883,
52,3,Title,,,,Previous1234...7Next,,,,,,False,,,,2026-04-23T10:50:04.979137,
53,3,SB,3.0,,,N/A,https://aax-us-east-retail-direct.amazon.com/x/c/JPSinVFNlrSWeAqZWEY7gC0AAAGduD6L2gEAAAH2AQBvbm9fdHhuX2JpZDYgICBvbm9fdHhuX2ltcDIgICDBsepg/clv1c_ek-wBPHXFbbWzjK3YpsYvxfcOWxCnjqP7-0K0Lbg2urWBhgqNDVuMQZQ0xi2HBgWBZjlquPnhsbFSLZKdSoBlqsl7WOdRc8K_insMr7u_0DG29CrN7W2AERY4_tCquoltaeyZsh5rB4Zo0ojOowX2UD6oNidhPXPxkxAT3cvyLwHaYLdHKvUEBX6O4QiSBBqZNAP7n_Dr2cIc6X6pTyDYA6ZFZf3NlJn1q-eWLOcUZDEox9Qyb6C3xqLNGqpCS7HDGTYmX1T3edhQVF-kcehlEuiDaZDM5Nftbvh2yjkNu4jQI_zxsg24H6qMLl4XHlcyZYl3nOGbJjIni3rZ0Yw00eyj10DiXpyFkk4n2Y5EvbvCM08EaTfMJvU95flQdgRaQSxMbCLAUN-jnZorWbLU-oghY7aVQ6MwVl6-U2r4O6BFLSTPOe2tigE0x7OKptBbbZlvilWxJ0h7zPd3FHyVCzCafisU-nVLusx3rpgpJTtXUP6hRQswynxIrP0H-HWOBr3zux900z2d25Emr6bumJ8eR7-lfWC-gJA2l91PFwn31qSMu5K2B3Se4McWPiZsFWX_xAKdsk6O4VSlCwDVQZFsu3bxmhV29xh6_ZOuznsAjCcQ7NDVtzSM228dnCELkNzyEIQ6hcTwyWF9IyYupB-RBGSNLjBqQxwNr0namkSWawF8MCOBMPiU748r0j3qmdWXbl95-koTRcEfkoWWS8Oe7IAqDS_7Zbz_fXTT2zmCpT4NR-KyQr8iiWwJK_i-sxy2Mzra1ey21tqp_Qs7dBZCiX_mAPX7vEGHulY166J39Hsk6ydoXEViTzooQJztgLRalrJIBQ4lxQGFE7kKgMKyhUhscG9CW8hRThBYrBRsCgfkQoXOfQnf-NrHet8Xp-ZtLlOdtm6MR6ojyVWkSV7Y2sMiNb4dKeEOkAn0010cjZ9poXDE88KlUq16rHJJufKgIaxIIZ8n9wlrzYLNFqt24I-GWefSU_A1pkz74rk_40T-KKz5VN_cHW5CmxBgeYJqPPseLo-RxUTyoxNgpw-YhXIwPvw3H0uPAr8sdyVGZeg4ixP3mNrE7_3kmYCIKDae5VWYm6D0j6vSwlXieS_lbTd0tOhWBmhjJapG6WUCknvtMtLhh6NgQSF95OLyPgM7yaSvi5r3X6Dznw26UztkC0jdeoUZQhxVsxsEIfkdwpVegZAJf2-dp6ZygZXekWcgl9PqSYY2WcFtLJhq8hj0geokeYGzoIn62_WHLrAAo2XCw5ap_JGOan53pnlBkay46QJIMsaeSg5NxnblETi_Q1uLOvO60uLGIj_cvc6-cVISubs0MXsVPnYQ3-nKjOmKX46357YEluh4XBMqWEZ6BXf-F7FsoeulzD31n3eO5cZq6B2xAfHykn_jdEd_WyQNqoomARp4f7gbgZUf4CrcpFEKeFI-KpL33Jxeun77c7M0vMyrR1Qjwei28FHBsFggCGHJM_EQeUQqRMWvJ_JhyHnvgFSSaTT5uEJJnnU_qN6y0-3UqxtvlVrRyahJPS5fFZeRz5fI6SAL-PN7Mm9W2j6RITaXaph_wFuM_fAYpN3crERcyYXBgYQ736eBaUPEiUOc5yq7H76cXg4c_B_w3Kyz4pvP4q0YKHXeGqGXiSXv9bWVBBEremrULGo4Id-psY_V9Znc0mAh35VqE5Hj6NQ1J0bHj4lQA/https://www.amazon.com/stores/page/43112043-78C1-45D4-92CC-1A723B72F4A4/?_encoding=UTF8&store_ref=SB_A070186719OGVT5Q50QX2-A0712219UCCL6EFV0GF1&pd_rd_plhdr=t&aaxitk=1bd08ea5c14c02d0f48c2715e16b33c4&hsa_cr_id=0&lp_asins=B0GDXV1C45%2CB0D96N4PXQ%2CB0GCL4WDX8&lp_query=gay%20car%20magnets&lp_slot=desktop-hsa-3psl&ref_=sbx_be_s_3psl_mbd_mb0_bkgd&pd_rd_w=LourY&content-id=amzn1.sym.cd7c548b-a599-426f-9ffe-daa1aa803c87%3Aamzn1.sym.cd7c548b-a599-426f-9ffe-daa1aa803c87&pf_rd_p=cd7c548b-a599-426f-9ffe-daa1aa803c87&pf_rd_r=9YR1ZTS61CQFWEK7FE5Y&pd_rd_wg=nw7SE&pd_rd_r=907fc67b-3a97-4b86-8086-080504527edc,,,,,False,,,N/A,2026-04-23T10:50:04.983113,
54,3,Title,,,,Need help?Visit the help sectionorcontact us,,,,,,False,,,,2026-04-23T10:50:04.983760,
0,4,SB_Video,4.0,,,N/A,N/A,,,,,False,,,,2026-04-23T10:50:22.610795,4.0
1,4,Title,,,,ResultsCheck each product page for other buying options. Price and other details may vary based on p,,,,,,False,,,,2026-04-23T10:50:22.613202,
3,4,Organic,,145.0,B08JTJLN9M,Kindness is Everything Rainbow Sticker - Gay Pride Human Rights Premium Vinyl Decal 3 X 3 l for Car Bumper Auto Window LGBT Science is Real Love is Black Lives Matter BLM + Better Than Magnets,N/A,$8.49,,4.6,277.0,False,https://m.media-amazon.com/images/I/91Z0tI26ZbL._AC_UL320_.jpg,https://m.media-amazon.com/images/I/91Z0tI26ZbL._AC_SL1500_.jpg,,2026-04-23T10:50:22.618345,
4,4,Organic,,146.0,B0FH7FGZLB,I'm Not Gay But 20 Bucks is 20 Bucks | Bumper Sticker or Car Magnet | Vintage American Flag Magnetic Decal for Trucks Cars [7.5x3.75],N/A,$6.95,,,,False,https://m.media-amazon.com/images/I/71MOUeYHrhL._AC_UL320_.jpg,https://m.media-amazon.com/images/I/71MOUeYHrhL._AC_SL1500_.jpg,,2026-04-23T10:50:22.621478,
5,4,Organic,,147.0,B08NHYNF6B,"Funny Gay Bumper Stickers - Great for Gags, Jokes, Gifts - Set of 4 | Sticker | 8"" x 3""",N/A,$6.99,,4.6,322.0,False,https://m.media-amazon.com/images/I/819+Seme1LL._AC_UL320_.jpg,https://m.media-amazon.com/images/I/819+Seme1LL._AC_SL1500_.jpg,,2026-04-23T10:50:22.626156,
7,4,Title,,,,4 stars and aboveSponsored| Based on star rating and number of customer ratingsMAGNET Pansexual Prid,,,,,,False,,,,2026-04-23T10:50:22.631140,
8,4,Title,,,,Henoyso 120 Pcs Pride Rainbow Lanyard Keychains Bulk Gay Lgbt Keychain Gift Flag Love Keyrings Wins ,,,,,,False,,,,2026-04-23T10:50:22.632428,
9,4,Title,,,,More results,,,,,,False,,,,2026-04-23T10:50:22.632665,
10,4,Organic,,148.0,B08WLNHX11,"Progress Pride Rainbow Flag Sticker | Show Your Love for The LGBT Family with This Vinyl Decal on Your Laptop, Car Bumper, or Hydro-Flask (3 X 5 Inch)",N/A,$8.95,,4.8,482.0,False,https://m.media-amazon.com/images/I/514mpkKxjlL._AC_UL320_.jpg,https://m.media-amazon.com/images/I/514mpkKxjlL._AC_SL1500_.jpg,,2026-04-23T10:50:22.636731,
11,4,Organic,,149.0,B0GTCDRVK1,"Halloween T-Rex Dinosaur Skeleton Rainbow Gay Pride LGBTQ Spooky Season October 5"" Magnetic Bumper Sticker Car Magnet",N/A,$5.95,,,,False,https://m.media-amazon.com/images/I/61p5he6W-AL._AC_UL320_.jpg,https://m.media-amazon.com/images/I/61p5he6W-AL._AC_SL1500_.jpg,,2026-04-23T10:50:22.640955,
12,4,Organic,,150.0,B07NSPXGPT,"Magnet Fish Meme Magnetic Car Sticker Decal Bumper Magnet Vinyl 5""",N/A,$5.40,,4.5,61.0,False,https://m.media-amazon.com/images/I/31yzr3aSQCL._AC_UL320_.jpg,https://m.media-amazon.com/images/I/31yzr3aSQCL._AC_SL1500_.jpg,,2026-04-23T10:50:22.644334,
13,4,Organic,,151.0,B0F3VK31PT,"7.5x3.75(in) - Funny Magnet - I'm Not Gay But My Butthole is Bumper Magnet - I'm Not Gay But My Butthole is Bumper Sticker - Vehicle, Car, Truck",N/A,$8.99,,,,False,https://m.media-amazon.com/images/I/51z-DbUcJhL._AC_UL320_.jpg,https://m.media-amazon.com/images/I/51z-DbUcJhL._AC_SL1500_.jpg,,2026-04-23T10:50:22.648618,
14,4,Organic,,152.0,B0FKTM2C1S,"As Far As I Know I'm Delightful Magnet Decal for Car, Funny Skeleton Magnetic Stickers, Mental Health Awareness Stickers,",N/A,$8.99,,4.6,17.0,False,https://m.media-amazon.com/images/I/61kNa7-UmWL._AC_UL320_.jpg,https://m.media-amazon.com/images/I/61kNa7-UmWL._AC_SL1500_.jpg,,2026-04-23T10:50:22.654591,
15,4,Organic,,153.0,B08K2NMCZB,"Gay Panic Sticker Vinyl Bumper Sticker Decal Waterproof 5""",N/A,$4.95,,3.8,14.0,False,https://m.media-amazon.com/images/I/51bmZlygbTL._AC_UL320_.jpg,https://m.media-amazon.com/images/I/51bmZlygbTL._AC_SL1500_.jpg,,2026-04-23T10:50:22.660400,
16,4,Organic,,154.0,B0GTC88KB5,"Gay Heading to Brunch Gonzo Muppets LGBTQ Pride Funny Quote Weekend Humor 5"" Magnetic Bumper Sticker Car Magnet",N/A,$5.95,,,,False,https://m.media-amazon.com/images/I/61FL8PUMB0L._AC_UL320_.jpg,https://m.media-amazon.com/images/I/61FL8PUMB0L._AC_SL1500_.jpg,,2026-04-23T10:50:22.666066,
17,4,Organic,,155.0,B0DZNJXZHD,"Magnet Gay Magnetic Bumper Sticker 5""",N/A,$4.95,,,,False,https://m.media-amazon.com/images/I/51osCqPYBGL._AC_UL320_.jpg,https://m.media-amazon.com/images/I/51osCqPYBGL._AC_SL1500_.jpg,,2026-04-23T10:50:22.670908,
18,4,Organic,,156.0,B0CG2NKHCK,"MAGNET Equality Magnetic Vinyl Sticker Decal Magnet 5""",N/A,$5.95,,4.1,15.0,False,https://m.media-amazon.com/images/I/51pRh+EXxnL._AC_UL320_.jpg,https://m.media-amazon.com/images/I/51pRh+EXxnL._AC_SL1500_.jpg,,2026-04-23T10:50:22.677445,
19,4,Organic,,157.0,B0DZN7PXZ4,"Magnet Gay Pride Rocket Magnetic Bumper Sticker 5""",N/A,$4.95,,,,False,https://m.media-amazon.com/images/I/61vtItbseSL._AC_UL320_.jpg,https://m.media-amazon.com/images/I/61vtItbseSL._AC_SL1500_.jpg,,2026-04-23T10:50:22.681672,
20,4,Organic,,158.0,B0CCXWT45R,"Lesbian Pride Cat LGBT Gay Flag Sticker Vinyl Decal Bumper Sticker 5""",N/A,$4.95,,5.0,8.0,False,https://m.media-amazon.com/images/I/51OzcU4zVRL._AC_UL320_.jpg,https://m.media-amazon.com/images/I/51OzcU4zVRL._AC_SL1500_.jpg,,2026-04-23T10:50:22.685933,
21,4,Organic,,159.0,B0DJWHSR55,I'm Not Gay But My Boyfriend is | Bumper Sticker or Car Magnet | LGBTQ Waterproof Vinyl Sticker for Trucks Vans Cars [7.5x3.75],N/A,$6.95,,,,False,https://m.media-amazon.com/images/I/71LM2WZYmxL._AC_UL320_.jpg,https://m.media-amazon.com/images/I/71LM2WZYmxL._AC_SL1500_.jpg,,2026-04-23T10:50:22.688477,
22,4,Organic,,160.0,B07NSS75BH,"Magnet Brushed Watercolor Painted Sun Magnetic Car Sticker Decal Bumper Magnet Vinyl 5""",N/A,$5.40,,3.8,19.0,False,https://m.media-amazon.com/images/I/41xm7lfDJOL._AC_UL320_.jpg,https://m.media-amazon.com/images/I/41xm7lfDJOL._AC_SL1500_.jpg,,2026-04-23T10:50:22.692944,
23,4,Organic,,161.0,B0G2T1RVMP,"Magnet Gay Unicorn LGBT Pride Flag LGBT I'm Not Gay I'm Super Gay Magnetic Vinyl Sticker Decal 5""",N/A,$5.95,,,,False,https://m.media-amazon.com/images/I/51If8NRk0lL._AC_UL320_.jpg,https://m.media-amazon.com/images/I/51If8NRk0lL._AC_SL1500_.jpg,,2026-04-23T10:50:22.696063,
24,4,Organic,,162.0,B0FQQMFWN7,"I'm Gay Rainbow Air Freshener - Funny Rude Air Freshener - Perfect Novelty Gag Gift, Best Funny Gifts and Pride Accessories (Pride)",N/A,$5.99,,5.0,14.0,False,https://m.media-amazon.com/images/I/61mCmDdSZPL._AC_UL320_.jpg,https://m.media-amazon.com/images/I/61mCmDdSZPL._AC_SL1500_.jpg,,2026-04-23T10:50:22.699899,
25,4,Organic,,163.0,B0778YPPNZ,Rogue River Tactical Rainbow LGBT Large Funny Bumper Sticker Auto Car Decal Truck RV Boat Window Gayest Ride in Town Gay Lesbian,N/A,$7.99,,4.7,25.0,False,https://m.media-amazon.com/images/I/519x4PFJ8ZL._AC_UL320_.jpg,https://m.media-amazon.com/images/I/519x4PFJ8ZL._AC_SL1500_.jpg,,2026-04-23T10:50:22.704281,
26,4,Organic,,164.0,B07KZX6NP1,"Magnet Trump MAGA GOP 2020 Made Me Gay (LGBTQ Pride) Magnet Vinyl Magnetic Sheet for Lockers, Cars, Signs, Refrigerator 5""",N/A,$6.95,,3.5,9.0,False,https://m.media-amazon.com/images/I/41IEaEktL3L._AC_UL320_.jpg,https://m.media-amazon.com/images/I/41IEaEktL3L._AC_SL1500_.jpg,,2026-04-23T10:50:22.707977,
27,4,Organic,,165.0,B0FRR9V2ZL,"3 Pcs Driver is Gay Stickers, Funny Rainbow Pride Vinyl Decals with Caution Sign Design, LGBTQ+ Humor Stickers for Cars, Laptops, Water Bottles and Gifts for Friends (3 inch)",N/A,$8.99,,,,False,https://m.media-amazon.com/images/I/61nW2wxqQRL._AC_UL320_.jpg,https://m.media-amazon.com/images/I/61nW2wxqQRL._AC_SL1500_.jpg,,2026-04-23T10:50:22.711545,
28,4,Organic,,166.0,B01HFN8NNU,"Funny Warning Magnet - Big Truck, Small Penis - 6"" x 3"" Magnetic Bumper Sticker - Great for Practical Jokes, Pranks, Gags - Removable",N/A,$6.99,,4.6,85.0,False,https://m.media-amazon.com/images/I/61qqrlcPG5L._AC_UL320_.jpg,https://m.media-amazon.com/images/I/61qqrlcPG5L._AC_SL1500_.jpg,,2026-04-23T10:50:22.715173,
29,4,Organic,,167.0,B094X2TKN2,"Progress Pride Rainbow Flag Sticker | Show Your Love for The LGBT Family with This Vinyl Decal on Your Laptop, Car Bumper, or Hydro-Flask (Heart 3 X 3 Inch)",N/A,$8.95,,4.8,164.0,False,https://m.media-amazon.com/images/I/51MkcgRJDKS._AC_UL320_.jpg,https://m.media-amazon.com/images/I/51MkcgRJDKS._AC_SL1500_.jpg,,2026-04-23T10:50:22.719109,
30,4,Organic,,168.0,B0DPD3L243,I Love Anal Magnet Large 3x10 Bumper Sticker Size Gay Joke Prank Gag Magnets - White,N/A,$11.95,,,,False,https://m.media-amazon.com/images/I/41yaiXXpyTL._AC_UL320_.jpg,https://m.media-amazon.com/images/I/41yaiXXpyTL._AC_SL1500_.jpg,,2026-04-23T10:50:22.724041,
31,4,Organic,,169.0,B0D9C7H82Z,Ad Astra Graphics Love Rainbow Peace Sign Magnet - LGBTQ Pride Ally Love Rainbow Flag Magnet - Car Truck Bumper Fridge Metal Surface Magnet - 5 Inches On Longest Side - Made in USA - AAMT0104,N/A,$6.95,,4.6,3.0,False,https://m.media-amazon.com/images/I/51j9hhFFUqL._AC_UL320_.jpg,https://m.media-amazon.com/images/I/51j9hhFFUqL._AC_SL1500_.jpg,,2026-04-23T10:50:22.728337,
32,4,Organic,,170.0,B087B987PV,"MAGNET Ohio State Shaped Gay Pride Rainbow Flag Sticker Lgbt Oh Magnetic Vinyl Car Fridge Sticks to any Metal Surface 5""",N/A,$5.95,,5.0,3.0,False,https://m.media-amazon.com/images/I/31iQv15VepL._AC_UL320_.jpg,https://m.media-amazon.com/images/I/31iQv15VepL._AC_SL1500_.jpg,,2026-04-23T10:50:22.731987,
33,4,Organic,,171.0,B07NSQ3ZFZ,"Magnet Unless. Magnetic Car Sticker Decal Bumper Magnet Vinyl 5""",N/A,$5.40,,3.0,23.0,False,https://m.media-amazon.com/images/I/41uDC7vWJQL._AC_UL320_.jpg,https://m.media-amazon.com/images/I/41uDC7vWJQL._AC_SL1500_.jpg,,2026-04-23T10:50:22.735473,
34,4,Organic,,172.0,B0DY2T8K6S,"Magnet Gay Pride LGBT Subtle Rainbow Stripe Vertical Flag Print Magnetic Vinyl Sticker 5""",N/A,$5.95,,,,False,https://m.media-amazon.com/images/I/31qoIyVtjoL._AC_UL320_.jpg,https://m.media-amazon.com/images/I/31qoIyVtjoL._AC_SL1500_.jpg,,2026-04-23T10:50:22.741087,
35,4,Organic,,173.0,B0CG574GLW,"Bee Kind Lgbtq Ally Gay Pride Rainbow Bumblebee Positivity Sticker Vinyl Waterproof Sticker Decal Car Laptop Wall Window Bumper Sticker 5""",N/A,$4.95,,4.6,9.0,False,https://m.media-amazon.com/images/I/611HSlk1fXL._AC_UL320_.jpg,https://m.media-amazon.com/images/I/611HSlk1fXL._AC_SL1500_.jpg,,2026-04-23T10:50:22.744943,
36,4,Organic,,174.0,B0G5FTRZVK,I Climbed Brokeback Mountain Magnet Large 3x9 Bumper Sticker Size Funny Gay Magnets,N/A,$13.95,,,,False,https://m.media-amazon.com/images/I/51iqxWHGX+L._AC_UL320_.jpg,https://m.media-amazon.com/images/I/51iqxWHGX+L._AC_SL1500_.jpg,,2026-04-23T10:50:22.749628,
37,4,Organic,,175.0,B0D4VTVVF9,"Please Let Me Merge Before I Start Crying Magnet Decal, Automotive Magnet for Car Truck SUV (Pink-Oval)",N/A,$7.99,,4.7,21.0,False,https://m.media-amazon.com/images/I/61wvVMyZJpL._AC_UL320_.jpg,https://m.media-amazon.com/images/I/61wvVMyZJpL._AC_SL1500_.jpg,,2026-04-23T10:50:22.753862,
38,4,Organic,,176.0,B0G2RMV4J9,"Magnet Anti Liberal LGBT Gay Cool Pro Republicans Magnetic Vinyl Sticker Decal 5""",N/A,$5.95,,,,False,https://m.media-amazon.com/images/I/51gSAQRXN4L._AC_UL320_.jpg,https://m.media-amazon.com/images/I/51gSAQRXN4L._AC_SL1500_.jpg,,2026-04-23T10:50:22.758095,
39,4,Organic,,177.0,B08P3MDNV4,Yin-Yang Tree of Life LGBT Bumper Sticker – LGBTQ Gay Pride Life Rainbow Premium Vinyl Decal 3 x 3 for Car Auto Equality LGBTQIA Coexist Peace Love Flag Sign + Better Than Magnets Sticks Anywhere,N/A,$8.49,,4.5,98.0,False,https://m.media-amazon.com/images/I/81N3ihzjf9L._AC_UL320_.jpg,https://m.media-amazon.com/images/I/81N3ihzjf9L._AC_SL1500_.jpg,,2026-04-23T10:50:22.763089,
40,4,Organic,,178.0,B0D47ZYHH7,"Magnet Me Up LGBTQA LGBTQ Progress Pride Heart Rainbow Flag Magnet Decal, 4.5x5 Inch, Support Gay Pride and Equality, Love Conquers All, Automotive Magnet for Car, Truck, Made in USA",N/A,$8.99,,4.5,52.0,False,https://m.media-amazon.com/images/I/61On9EurJuL._AC_UL320_.jpg,https://m.media-amazon.com/images/I/61On9EurJuL._AC_SL1500_.jpg,,2026-04-23T10:50:22.767875,
41,4,Organic,,179.0,B0CG6RCZLP,"MAGNET I Love My Gay Dog Magnetic Sticker Vinyl Waterproof Magnet Decal Car 5""",N/A,$5.95,,,,False,https://m.media-amazon.com/images/I/51NiPzwG-OL._AC_UL320_.jpg,https://m.media-amazon.com/images/I/51NiPzwG-OL._AC_SL1500_.jpg,,2026-04-23T10:50:22.771681,
42,4,Organic,,180.0,B09CD2K6CW,16 Pieces Hippie Flower Car Magnet Decorations 60s Theme Party Magnetic Decals Funny Fridge Magnets Flower Peace Car Sticker Love Sign Colorful Hippie Decals for Car Refrigerator Mailbox Decor,N/A,$8.99,,4.5,347.0,False,https://m.media-amazon.com/images/I/81UoNxUjJdL._AC_UL320_.jpg,https://m.media-amazon.com/images/I/81UoNxUjJdL._AC_SL1500_.jpg,,2026-04-23T10:50:22.776164,
43,4,Organic,,181.0,B0BSQMYVYX,25 Pieces Car Magnet Decorations 60s Hippie Theme Party Magnetic Decals Fridge Magnets Flower Peace Car Magnetic Sticker Love Sign Colorful Hippie Decals for Refrigerator Mailbox Decor,N/A,$11.99,,4.5,796.0,False,https://m.media-amazon.com/images/I/81OVLiuGpXL._AC_UL320_.jpg,https://m.media-amazon.com/images/I/81OVLiuGpXL._AC_SL1500_.jpg,,2026-04-23T10:50:22.780637,
44,4,Organic,,182.0,B0D9CGC37H,I Love Gay Porn Magnet 3x10 Bumper Sticker Size Funny I Heart Porn Magnet - Rainbow,N/A,$11.99,,,,False,https://m.media-amazon.com/images/I/61Fx7m5GNpL._AC_UL320_.jpg,https://m.media-amazon.com/images/I/61Fx7m5GNpL._AC_SL1500_.jpg,,2026-04-23T10:50:22.785046,
45,4,Organic,,183.0,B08V6SPCVF,"Progress Pride Rainbow Flag Magnet | Show Your Love for The LGBT Family with This Magnetic Sign on Your Laptop, Car Bumper, or Hydro-Flask (3 X 3 Inch)",N/A,$9.95,,4.6,100.0,False,https://m.media-amazon.com/images/I/51BtHdCvlAL._AC_UL320_.jpg,https://m.media-amazon.com/images/I/51BtHdCvlAL._AC_SL1500_.jpg,,2026-04-23T10:50:22.791203,
46,4,Organic,,184.0,B07NSR5HYS,"Magnet LES BEE an Lesbian Magnetic Car Sticker Decal Bumper Magnet Vinyl 5""",N/A,$5.40,,4.5,77.0,False,https://m.media-amazon.com/images/I/41jCcGwTbDL._AC_UL320_.jpg,https://m.media-amazon.com/images/I/41jCcGwTbDL._AC_SL1500_.jpg,,2026-04-23T10:50:22.794645,
47,4,Organic,,185.0,B0CG6RH3JD,"SMJ Designs MAGNET Furry Gay Sticker Vinyl Waterproof Rectangular Multicolor Modern Magnetic Sticker Decal 5"" Metal",N/A,$5.95,,5.0,2.0,False,https://m.media-amazon.com/images/I/61KdEmRXKyL._AC_UL320_.jpg,https://m.media-amazon.com/images/I/61KdEmRXKyL._AC_SL1500_.jpg,,2026-04-23T10:50:22.798248,
48,4,Organic,,186.0,B0F2Z2YB97,"I Eat Corn The Long Way Sticker, I'm Not Gay But My B*tthole is Sticker Funny Inappropriate, Gay Gift for Men Decoration for Car Accessories for Truck Vehicle Luggage Window",N/A,$7.95,,4.5,14.0,False,https://m.media-amazon.com/images/I/61q+nVWA0sL._AC_UL320_.jpg,https://m.media-amazon.com/images/I/61q+nVWA0sL._AC_SL1500_.jpg,,2026-04-23T10:50:22.802583,
49,4,Organic,,187.0,B09QGQ3MDQ,Yinder 12 Pieces Butterfly Magnets Butterfly Car Magnetic Stickers Art Vintage Magnets Decal Removable Fridge Cute Magnetic Stickers for Office Home Whiteboard Car Decor (Classic Style),N/A,$9.29,,4.2,346.0,False,https://m.media-amazon.com/images/I/816do88CGPL._AC_UL320_.jpg,https://m.media-amazon.com/images/I/816do88CGPL._AC_SL1500_.jpg,,2026-04-23T10:50:22.808741,
50,4,Organic,,188.0,B0982HY7JH,LGBT Faith Ichthus Gay Pride Bumper Sticker - LGBTQ Rainbow Fish Life Premium Vinyl Decal 3 x 3 For Car Auto LGBTQIA Flag Christian Jesus Cross Bible Outdoor Sign + Better Than Magnets Sticks Anywhere,N/A,$8.49,,5.0,4.0,False,https://m.media-amazon.com/images/I/71U3+y-eE9S._AC_UL320_.jpg,https://m.media-amazon.com/images/I/71U3+y-eE9S._AC_SL1500_.jpg,,2026-04-23T10:50:22.815859,
51,4,Organic,,189.0,B0G2SZYGYF,"Magnet Nurse LGBT-Q Gay Pride Rainbow Flag Registered Nursing Rn Magnetic Vinyl Sticker Decal 5""",N/A,$5.95,,4.0,1.0,False,https://m.media-amazon.com/images/I/51GcHxpoPjL._AC_UL320_.jpg,https://m.media-amazon.com/images/I/51GcHxpoPjL._AC_SL1500_.jpg,,2026-04-23T10:50:22.820560,
52,4,Organic,,190.0,B0G2RSJ44L,"Magnet Gay Couple Just Married Rainbow LGBT Wedding Magnetic Vinyl Sticker Decal 5""",N/A,$5.95,,,,False,https://m.media-amazon.com/images/I/51zQVnLoX5L._AC_UL320_.jpg,https://m.media-amazon.com/images/I/51zQVnLoX5L._AC_SL1500_.jpg,,2026-04-23T10:50:22.824984,
53,4,Organic,,191.0,B0D85P1YK6,I'm Not Gay But My Butthole is Magnet Funny 3x10 Bumper Sticker Size Joke Prank Gay Magnet,N/A,$11.99,,5.0,3.0,False,https://m.media-amazon.com/images/I/51j+lP-lazL._AC_UL320_.jpg,https://m.media-amazon.com/images/I/51j+lP-lazL._AC_SL1500_.jpg,,2026-04-23T10:50:22.831386,
54,4,Organic,,192.0,B0B38PB3NH,"MAGNET Sounds Gay I'm In Magnet Vinyl Magnetic Sticker 20 mil - Size 5""",N/A,$5.95,,,,False,https://m.media-amazon.com/images/I/41Imi8MRAuL._AC_UL320_.jpg,https://m.media-amazon.com/images/I/41Imi8MRAuL._AC_SL1500_.jpg,,2026-04-23T10:50:22.835474,
56,4,Title,,,,Debug info copied.Sponsored16PCS Funny Pride Gay Car Bumper Magnets: Bulk Magnetic Rainbow Decals De,,,,,,False,,,,2026-04-23T10:50:22.836490,
57,4,Title,,,,Previous1234567Next,,,,,,False,,,,2026-04-23T10:50:22.836986,
58,4,SB,4.0,,,N/A,https://aax-us-east-retail-direct.amazon.com/x/c/JJZE2_H_wWFwQY3x9sSQlncAAAGduD7QXwEAAAH2AQBvbm9fdHhuX2JpZDcgICBvbm9fdHhuX2ltcDEgICD_yFyw/clv1c_ek-wBIHXFcbWDn2nI4trJ16WpAySuUaPLt6Bx1Vg3ykp-hFQGNehCYl-YwpGDcF9Z-V2ioITsl03Jki2TmfpKroLHgmwCK6Mf-H8fc6HWN1Qv0G7zWjUHl70ornzoO84ON4k6qD6fsBdkw4RQ6ygf9fKgP2dEF2Cl8Hy4_f77UQbXJHNXdenX4_zIU5NLrMLbG5grntr34XOTurov9BW3sGRbXcXLlJ39ado-cqbBvmjD8N7uXonX7B2Ut-KkqbREY8ArGCin-Jopg6xw0Ha8srVjZX9jtj8MBTEoIrm6hYgq3seYfa_kfL_L3rQBYlf773YPyHgudx2chqAs1tXr2FW2nxzcMEsS4yvNgTjDD8_o9h3t4c9z_JSbvk-oa-uD91lcsfEexRzvTJI5tsnJDaqr2U9FxBpqsJUOpqSO_Hh-NajkWXG1xtK5yywUDVhm13memTvnWhb2R01GLx0QkEuanZd4EBZby_l7hFJTN5Ip49VUDi17vndnP6QWxMifBHpAPTvKHekfL3Eh5Y7KOmlOzkvx0-ha8zKZmOkXARQ-yap0nGsrnH4z3ktKIrpXUj0i7sh6hqWSwmPTX3C0hOc2rGHG_t0stDXGfCsOjauWceRbGBNiYr4_OGPaApchVzFwPtzMKO9oq-lLCJSHq-SQj_cFSqSumfKFrkJGDwilATnpHLWhDVSl2mVL_Rxdx54TscLJW8pEXYAqgGMo-qIzjdCqEGWFdOKX1-yj3vc9RuXXKRANDG0BVuhYqWESlx-6FOE4R8UmtmkRSwPlX3SyLv1aLdkXl4eqom5DKtmTW27FIqa7OVU793ipcpiMWea9VyxA7Cu_Gwq96Bi8onsbSggBbjpiFNrSBfCT7vf9pC8om5hDd2-cJQ2KKasF3YH8KLEXF3K_RvKDdVDPDUbFhPUJU5FbP0P6JEkkwN30vm-7wNkYxA7BST9NFwBkY4NN4E0U7zqAdGB0o3mWs4RZUnwzDLD6PBQRFKCdMoeYF13U4L9L8aSXnXzjTkVARtYF-7Re2vqSVljFLbx1sUAoWYbkJdi4UlTiAamvFKtyvBhHNdm-XafQAmJ9mB_p1NWWeCNGR6gxCs_8rodpGLNzxpMXrQ-urJwjtQ9v044DQimibdD0i6U38K8EWUB-zkNb6cLwI2OvlWl1-oQGZVxHRUbLxeLjsK53aac-Z6bRQsLNxFgmeI_8wylTfdpf553tSP5iJeIHFOZCELlRmjWsHzcfcFhfHqdfSAVrYcwWgaa_hkEX4FIGmSd0Hu6AyeVpxFVv3lzFdvvp9HwmxRFOwjY_UzUxE65sJQuEZZykHrTsXunu2FWT_D2yEAAhAGsadlTXpY8DTwzQZ-MFGrbCoINGkKaVjgb9FKCmZPhOcXjif9VHr7lZknARL_R-5w2GtRNvoDQzz1HbONL7y1wvch4vF2w9tXtihUumYyk5bRCoJyjAtFfYDbHmG0DVtk3VOXP1wyz9Mg7iTJUNRUdFOlFOW0rWfoWHbkWZV-PE5pu71svfzcl49Pn2fYBxilDTzjf7YH_uCIYhn6GKecTJ3ngIHNzdUhzI6nj5Dnd4lyEkbqS-ZJFf5qRqqJmHEgFbQP7vm7WGtVF8LKvoDl7qXxNv1P2oJ3cd1V4xmmivHaTO59ME1OVrEjS6JCLZ7ldn-D25Ct9XOm6hv_Ln-lKCYIzRd_xg_E6OB8/https://www.amazon.com/stores/page/43112043-78C1-45D4-92CC-1A723B72F4A4/?_encoding=UTF8&store_ref=SB_A070186719OGVT5Q50QX2-A0712219UCCL6EFV0GF1&pd_rd_plhdr=t&aaxitk=1bd08ea5c14c02d0f48c2715e16b33c4&hsa_cr_id=0&lp_asins=B0GDXV1C45%2CB0D96N4PXQ%2CB0GCL4WDX8&lp_query=gay%20car%20magnets&lp_slot=desktop-hsa-3psl&ref_=sbx_be_s_3psl_mbd_mb0_bkgd&pd_rd_w=iv5nu&content-id=amzn1.sym.cd7c548b-a599-426f-9ffe-daa1aa803c87%3Aamzn1.sym.cd7c548b-a599-426f-9ffe-daa1aa803c87&pf_rd_p=cd7c548b-a599-426f-9ffe-daa1aa803c87&pf_rd_r=1DMGR16ZCF6VX686ZX0J&pd_rd_wg=ekxwE&pd_rd_r=14f79baa-e7f2-4119-b4cc-d75897f14354,,,,,False,,,N/A,2026-04-23T10:50:22.841931,
59,4,Title,,,,Need help?Visit the help sectionorcontact us,,,,,,False,,,,2026-04-23T10:50:22.842644,
0,5,SB_Video,5.0,,,N/A,N/A,,,,,False,,,,2026-04-23T10:50:49.334726,6.0
1,5,Title,,,,ResultsCheck each product page for other buying options.,,,,,,False,,,,2026-04-23T10:50:49.336456,
3,5,Organic,,193.0,B0BW8HPLJH,"Leumoi 16 Pcs Flower Car Magnet Retro Hippie Refrigerator Flower Magnets Decorations for Car Home Door, 2.17 x 2.17 Inches, 3.94 x 3.94 Inches (Boho)",N/A,$9.99,,4.3,165.0,False,https://m.media-amazon.com/images/I/71wh5kC3n6L._AC_UL320_.jpg,https://m.media-amazon.com/images/I/71wh5kC3n6L._AC_SL1500_.jpg,,2026-04-23T10:50:49.340119,
4,5,Organic,,194.0,B0D6JZGRBQ,My Girlfriend is Gay Sticker Funny Car Sticker I'm Not Gay But My Girlfriend is Sticker Decal,N/A,$5.95,,,,False,https://m.media-amazon.com/images/I/51HIbWu4eQL._AC_UL320_.jpg,https://m.media-amazon.com/images/I/51HIbWu4eQL._AC_SL1500_.jpg,,2026-04-23T10:50:49.345338,
5,5,Organic,,195.0,B0DXTFGWQ5,"3 Pcs Rainbow Mountain Sunset Sticker, Gay Sticker, LGBT, LGBTQ Pride Stickers, Mountain Hiking Camping Stickers, Aesthetic Nature Vinyl Decal for Laptop Car Water Bottle, Pride LGBTQ+ (Normal, 3x3)",N/A,$8.99,,5.0,5.0,False,https://m.media-amazon.com/images/I/61lAFK+TWlL._AC_UL320_.jpg,https://m.media-amazon.com/images/I/61lAFK+TWlL._AC_SL1500_.jpg,,2026-04-23T10:50:49.348946,
6,5,Title,,,,More results,,,,,,False,,,,2026-04-23T10:50:49.349350,
7,5,Organic,,196.0,B0BSLR1ZHD,LGBT Sounds Gay Pride I'm in Bumper Sticker - Inclusion Matters Bumper Sticker - LGBTQ Rainbow Premium Vinyl Decal 3 x 3 LGBTQIA Flag Sign for Cars Auto Window + Better Than Magnets Sticks Anywhere,N/A,$8.49,,5.0,1.0,False,https://m.media-amazon.com/images/I/71pgTaGBynL._AC_UL320_.jpg,https://m.media-amazon.com/images/I/71pgTaGBynL._AC_SL1500_.jpg,,2026-04-23T10:50:49.353945,
8,5,Organic,,197.0,B094V53DLV,LGBT Unicorn Bumper Sticker - Gay Pride Be You Be Proud Premium Vinyl Decal 3 x 3 LGBTQ Rainbow for Car Auto LGBTQIA Inclusive Equality Coexist Flag Sign USA + Better Than Magnets Sticks Anywhere,N/A,$8.49,,4.4,14.0,False,https://m.media-amazon.com/images/I/71W4f0jMknS._AC_UL320_.jpg,https://m.media-amazon.com/images/I/71W4f0jMknS._AC_SL1500_.jpg,,2026-04-23T10:50:49.364026,
9,5,Organic,,198.0,B07ZGHDCLD,"Gay Pride Lesbian Symbol Sticker Decal Self Adhesive Vinyl #2 Truck Car Decal Vinyl Bumper Sticker Sticks to Any Surface 5""",N/A,$4.99,,5.0,2.0,False,https://m.media-amazon.com/images/I/41FNL9shnSL._AC_UL320_.jpg,https://m.media-amazon.com/images/I/41FNL9shnSL._AC_SL1500_.jpg,,2026-04-23T10:50:49.368832,
10,5,Organic,,199.0,B0871NK9W5,"MAGNET Minnesota State Shaped Gay Pride Rainbow Flag Sticker Lgbt Mn Magnetic Vinyl Car Fridge Sticks to any Metal Surface 5""",N/A,$5.95,,,,False,https://m.media-amazon.com/images/I/31P87vCHSaL._AC_UL320_.jpg,https://m.media-amazon.com/images/I/31P87vCHSaL._AC_SL1500_.jpg,,2026-04-23T10:50:49.373821,
11,5,Organic,,200.0,B0F47HW8HV,"7.5x3.75(in) - Funny Magnet - I'm so Gay i Can't Even Drive Straight Bumper Magnet - I'm so Gay i Can't Even Drive Straight Bumper Sticker - Vehicle, Car, Truck",N/A,$8.99,,,,False,https://m.media-amazon.com/images/I/51LAgyXMzpL._AC_UL320_.jpg,https://m.media-amazon.com/images/I/51LAgyXMzpL._AC_SL1500_.jpg,,2026-04-23T10:50:49.378734,
12,5,Organic,,201.0,B0DKB7PRDJ,I Love Cock Magnet I Heart Cock Large 3x10 Bumper Sticker Size Fun Prank Joke Gay Adult Penis Magnet - Black,N/A,$11.99,,5.0,4.0,False,https://m.media-amazon.com/images/I/51D9Jv4xLOL._AC_UL320_.jpg,https://m.media-amazon.com/images/I/51D9Jv4xLOL._AC_SL1500_.jpg,,2026-04-23T10:50:49.385396,
13,5,Organic,,202.0,B0DGTR4CW3,11 X 3 Inch here i go in My Big Gay car Magnet Bumper Sticker for LGBT Gay Pride Waterproof Vinyl Sticker for Trucks Vans Cars Birthday Gift for Her Him,N/A,$5.99,,,,False,https://m.media-amazon.com/images/I/61D7XDzLEsL._AC_UL320_.jpg,https://m.media-amazon.com/images/I/61D7XDzLEsL._AC_SL1500_.jpg,,2026-04-23T10:50:49.388659,
14,5,Organic,,203.0,B086SH5ZF4,"MAGNET Delaware State Shaped Gay Pride Rainbow Flag Sticker Lgbt De Magnetic Vinyl Car Fridge Sticks to any Metal Surface 5""",N/A,$5.95,,,,False,https://m.media-amazon.com/images/I/31TH2tcbbGL._AC_UL320_.jpg,https://m.media-amazon.com/images/I/31TH2tcbbGL._AC_SL1500_.jpg,,2026-04-23T10:50:49.393557,
15,5,Organic,,204.0,B088STXWNF,"CafePress Gay Love Oval Car Magnet, Euro Oval Bumper Magnet",N/A,$9.99,,,,False,https://m.media-amazon.com/images/I/51E5fOmGMGL._AC_UL320_.jpg,https://m.media-amazon.com/images/I/51E5fOmGMGL._AC_SL1500_.jpg,,2026-04-23T10:50:49.399152,
16,5,Organic,,205.0,B0G2RT9B9G,"Magnet Pride Music Notes - Gay Magnetic Vinyl Sticker Decal 5""",N/A,$5.95,,,,False,https://m.media-amazon.com/images/I/41rbNP4mqOL._AC_UL320_.jpg,https://m.media-amazon.com/images/I/41rbNP4mqOL._AC_SL1500_.jpg,,2026-04-23T10:50:49.403440,
17,5,Organic,,206.0,B00OCTT4D4,Lesbians eat what? - RECTANGLE MAGNET,N/A,$8.99,,4.9,47.0,False,https://m.media-amazon.com/images/I/51k+qTytFFL._AC_UL320_.jpg,https://m.media-amazon.com/images/I/51k+qTytFFL._AC_SL1500_.jpg,,2026-04-23T10:50:49.407552,
18,5,Organic,,207.0,B0G2RV8BM9,"Magnet Baseball Ball Gay Pride LGBT Magnetic Vinyl Sticker Decal 5""",N/A,$5.95,,,,False,https://m.media-amazon.com/images/I/61xNzvW8gsL._AC_UL320_.jpg,https://m.media-amazon.com/images/I/61xNzvW8gsL._AC_SL1500_.jpg,,2026-04-23T10:50:49.410912,
19,5,Organic,,208.0,B07NL36MHT,"ION Graphics Magnet Oregon State Shaped Gay Pride Rainbow Flag Magnetic Vinyl LGBT OR 5"" Car Magnet Bumper Sticker",N/A,$4.95,,5.0,4.0,False,https://m.media-amazon.com/images/I/319oCC9tjVL._AC_UL320_.jpg,https://m.media-amazon.com/images/I/319oCC9tjVL._AC_SL1500_.jpg,,2026-04-23T10:50:49.418196,
20,5,Organic,,209.0,B0C8KHPVF2,CafePress Rainbow Gay Pride Flag Rectangle Car Bumper Magnet,N/A,$5.99,,,,False,https://m.media-amazon.com/images/I/51bqpl9BZtL._AC_UL320_.jpg,https://m.media-amazon.com/images/I/51bqpl9BZtL._AC_SL1500_.jpg,,2026-04-23T10:50:49.424044,
21,5,Organic,,210.0,B07LC486RS,Gear Tatz - PROUD PARENT of A GAY DAUGHTER - LGBTQ Pride CAR MAGNET - 2.75 X 9.5 inches - Professionally Made in The USA - Magnetic Decal,N/A,$12.99,,4.8,10.0,False,https://m.media-amazon.com/images/I/51gdKTePN6L._AC_UL320_.jpg,https://m.media-amazon.com/images/I/51gdKTePN6L._AC_SL1500_.jpg,,2026-04-23T10:50:49.434265,
22,5,Organic,,211.0,B0C183S1ZD,I'm Not Gay But My Butthole is Magnet. Many Sizes Small to Magnet Bumper Sticker Rainbow,N/A,$13.99,,,,False,https://m.media-amazon.com/images/I/61UhlsSkzbL._AC_UL320_.jpg,https://m.media-amazon.com/images/I/61UhlsSkzbL._AC_SL1500_.jpg,,2026-04-23T10:50:49.442123,
23,5,Organic,,212.0,B073TP4M45,"Pride Gay Lesbian Rainbow Flag Chrome Emblem 3D auto Decal car Bike Boat 5.3""",N/A,$15.99,,4.7,191.0,False,https://m.media-amazon.com/images/I/51xq1qUVMsL._AC_UL320_.jpg,https://m.media-amazon.com/images/I/51xq1qUVMsL._AC_SL1500_.jpg,,2026-04-23T10:50:49.448111,
24,5,Organic,,213.0,B0G2RS9M84,"Magnet I Love My Gay Son Puffle Magnetic Vinyl Sticker Decal 5""",N/A,$5.95,,,,False,https://m.media-amazon.com/images/I/51ntdyjo3lL._AC_UL320_.jpg,https://m.media-amazon.com/images/I/51ntdyjo3lL._AC_SL1500_.jpg,,2026-04-23T10:50:49.452489,
25,5,Organic,,214.0,B01BPMDTIQ,"CafePress Rainbow Gay Pride Flag Car Magnet 10 X 3 10"" x 3"", Bumper Magnet",N/A,$9.99,,4.5,12.0,False,https://m.media-amazon.com/images/I/21q-63MXqyL._AC_UL320_.jpg,https://m.media-amazon.com/images/I/21q-63MXqyL._AC_SL1500_.jpg,,2026-04-23T10:50:49.458222,
26,5,Organic,,215.0,B0GTC3XRJW,"Babadook Says Gay Rights LGBT Pride Ally Support Horror Movie 5"" Magnetic Bumper Sticker Car Magnet",N/A,$5.95,,,,False,https://m.media-amazon.com/images/I/51EUCEQDSJL._AC_UL320_.jpg,https://m.media-amazon.com/images/I/51EUCEQDSJL._AC_SL1500_.jpg,,2026-04-23T10:50:49.463740,
27,5,Organic,,216.0,B09M7NPHL7,Gear Tatz - Bear Pride Flag - LGBTQ Pride Car Magnet - 3.25 x 4.75 inches - Professionally Made in the USA - Magnetic Car Decal,N/A,$13.50,,5.0,1.0,False,https://m.media-amazon.com/images/I/41Hsf+mY3SL._AC_UL320_.jpg,https://m.media-amazon.com/images/I/41Hsf+mY3SL._AC_SL1500_.jpg,,2026-04-23T10:50:49.470341,
28,5,Organic,,217.0,B0G2SYYZ3F,"Magnet Jollibee Peeking Gay Pride Flag Filipino Back Print Magnetic Vinyl Sticker Decal 5""",N/A,$5.95,,,,False,https://m.media-amazon.com/images/I/51Zp8g7ELqL._AC_UL320_.jpg,https://m.media-amazon.com/images/I/51Zp8g7ELqL._AC_SL1500_.jpg,,2026-04-23T10:50:49.474649,
29,5,Organic,,218.0,B0FH5RQVF7,Here I Go in My Gay Little Car Magnet Large 3x9 Bumper Sticker Size Funny LGBTQ Bumper Magnets,N/A,$13.95,,,,False,https://m.media-amazon.com/images/I/61aK7LaIpcL._AC_UL320_.jpg,https://m.media-amazon.com/images/I/61aK7LaIpcL._AC_SL1500_.jpg,,2026-04-23T10:50:49.481361,
30,5,Organic,,219.0,B08NXTR7V7,LGBT Rainbow Sheep Bumper Sticker – LGBTQ Gay Pride Premium Vinyl Decal 5 x 3 | for Cars Auto LGBTQIA Progress Sign Honey Be You Equality Flag Coexist USA Family + Better Than Magnets Sticks Anywhere,N/A,$8.49,,4.6,79.0,False,https://m.media-amazon.com/images/I/81tQnns2ayL._AC_UL320_.jpg,https://m.media-amazon.com/images/I/81tQnns2ayL._AC_SL1500_.jpg,,2026-04-23T10:50:49.485427,
31,5,Organic,,220.0,B086DHM8W5,"MAGNET New Jersey State Shaped Gay Pride Rainbow Flag Sticker Lgbt Nj Magnetic Vinyl Car Fridge Sticks to any Metal Surface 5""",N/A,$5.95,,4.3,3.0,False,https://m.media-amazon.com/images/I/31w+hI555OL._AC_UL320_.jpg,https://m.media-amazon.com/images/I/31w+hI555OL._AC_SL1500_.jpg,,2026-04-23T10:50:49.488705,
32,5,Organic,,221.0,B0B2MNBNYH,"MAGNET Sounds Gay Im In Magnet Vinyl Magnetic Sticker 20 mil - Size 5""",N/A,$5.95,,,,False,https://m.media-amazon.com/images/I/41Mcsv4sFyL._AC_UL320_.jpg,https://m.media-amazon.com/images/I/41Mcsv4sFyL._AC_SL1500_.jpg,,2026-04-23T10:50:49.493486,
33,5,Organic,,222.0,B093DZHZSQ,"MAGNET Butterfly Cluster Magnet Bumper Sticker Car Magnet Flexible Reuseable Magnetic Vinyl 5""",N/A,$5.95,,4.0,15.0,False,https://m.media-amazon.com/images/I/619oDfjRXTS._AC_UL320_.jpg,https://m.media-amazon.com/images/I/619oDfjRXTS._AC_SL1500_.jpg,,2026-04-23T10:50:49.498763,
34,5,Organic,,223.0,B0C78MFPSS,"CafePress Honk for Gay Rights Car Magnet 10 X 3 10"" x 3"", Bumper Magnet",N/A,$9.99,,5.0,1.0,False,https://m.media-amazon.com/images/I/61W5ydwl1NL._AC_UL320_.jpg,https://m.media-amazon.com/images/I/61W5ydwl1NL._AC_SL1500_.jpg,,2026-04-23T10:50:49.502432,
35,5,Organic,,224.0,B01DDYYTBA,"CafePress Gay Colors Christian Fish Sticker Car Magnet 10 X 10"" x 3"", Bumper Magnet",N/A,$9.99,,,,False,https://m.media-amazon.com/images/I/31uwBjB55LL._AC_UL320_.jpg,https://m.media-amazon.com/images/I/31uwBjB55LL._AC_SL1500_.jpg,,2026-04-23T10:50:49.508438,
36,5,Organic,,225.0,B0DLVHJSVY,I Love Anal Magnet I Heart Anal Butthole Gay Joke Prank Magnet Black 4x4,N/A,$12.99,,,,False,https://m.media-amazon.com/images/I/61Zrf0jx8EL._AC_UL320_.jpg,https://m.media-amazon.com/images/I/61Zrf0jx8EL._AC_SL1500_.jpg,,2026-04-23T10:50:49.513029,
37,5,Organic,,226.0,B0D857HJB1,I'm Not Gay But My Butthole is Magnet Funny 3x10 Bumper Sticker Size Joke Prank Gay Magnet Rainbow,N/A,$11.99,,,,False,https://m.media-amazon.com/images/I/61If3klqSEL._AC_UL320_.jpg,https://m.media-amazon.com/images/I/61If3klqSEL._AC_SL1500_.jpg,,2026-04-23T10:50:49.517268,
38,5,Organic,,227.0,B09FQFFQS3,"Gear Tatz - Gay Veteran, I Fought for Your Freedom. Fight for Mine - Patriotic - Car Magnet - 3 x 10 inches - Professionally Made in The USA - Magnetic Decal",N/A,$14.50,,,,False,https://m.media-amazon.com/images/I/61+0gf4a8zL._AC_UL320_.jpg,https://m.media-amazon.com/images/I/61+0gf4a8zL._AC_SL1500_.jpg,,2026-04-23T10:50:49.522933,
39,5,Organic,,228.0,B086CXQLBZ,"MAGNET California State Shaped Gay Pride Rainbow Flag Sticker Lgbt Ca Magnetic Vinyl Car Fridge Sticks to any Metal Surface 5""",N/A,$5.95,,5.0,1.0,False,https://m.media-amazon.com/images/I/31H99kCO1DL._AC_UL320_.jpg,https://m.media-amazon.com/images/I/31H99kCO1DL._AC_SL1500_.jpg,,2026-04-23T10:50:49.526592,
40,5,Organic,,229.0,B0BSLR3PDT,Gay Pride Purride Paw Bumper Sticker - LGBT Rainbow Kitty Be You Premium Vinyl Decal 3 x 3 for Cars Auto-mobiles Windows LGBTQ Outdoor LGBTQIA Cat Dog Flag Sign + Better Than Magnets Sticks Anywhere,N/A,$8.49,,5.0,4.0,False,https://m.media-amazon.com/images/I/81zup5QohKL._AC_UL320_.jpg,https://m.media-amazon.com/images/I/81zup5QohKL._AC_SL1500_.jpg,,2026-04-23T10:50:49.532480,
41,5,Organic,,230.0,B09FQBYQ2V,Gear Tatz - Gay Veteran - LGBTQ Pride - Car Magnet - 2.75 x 9.75 inches - Professionally Made in The USA - Magnetic Decal,N/A,$12.99,,5.0,2.0,False,https://m.media-amazon.com/images/I/612gBxWeWnL._AC_UL320_.jpg,https://m.media-amazon.com/images/I/612gBxWeWnL._AC_SL1500_.jpg,,2026-04-23T10:50:49.537161,
42,5,Organic,,231.0,B0G2RQF1PS,"Magnet Gay Decepticon Magnetic Vinyl Sticker Decal 5""",N/A,$5.95,,,,False,https://m.media-amazon.com/images/I/51pl20XNYvL._AC_UL320_.jpg,https://m.media-amazon.com/images/I/51pl20XNYvL._AC_SL1500_.jpg,,2026-04-23T10:50:49.540359,
43,5,Organic,,232.0,B0D9DXBC2R,I Love Gay Butt Sex Magnet 3x10 Bumper Sticker Size I Heart Anal Magnet - White,N/A,$11.99,,5.0,3.0,False,https://m.media-amazon.com/images/I/51zrsbMXpeL._AC_UL320_.jpg,https://m.media-amazon.com/images/I/51zrsbMXpeL._AC_SL1500_.jpg,,2026-04-23T10:50:49.546059,
44,5,Organic,,233.0,B099MCJPGM,Hilarious Gay Pride Prank Two Magnets - Follow Me to The Gay Bar and I Love Gay Porn - First Time Driver Friend Bro Social Media New Car Truck Auto Removable Bumper Magnets Bundle,N/A,$9.99,,4.3,15.0,False,https://m.media-amazon.com/images/I/719uluwAnLS._AC_UL320_.jpg,https://m.media-amazon.com/images/I/719uluwAnLS._AC_SL1500_.jpg,,2026-04-23T10:50:49.552331,
45,5,Organic,,234.0,B0GTC9SW4L,"Space is Gay Star Wars Parody Text LGBTQ Pride Sci-Fi Sparkle Design 5"" Magnetic Bumper Sticker Car Magnet",N/A,$5.95,,,,False,https://m.media-amazon.com/images/I/61p0fvNrpNL._AC_UL320_.jpg,https://m.media-amazon.com/images/I/61p0fvNrpNL._AC_SL1500_.jpg,,2026-04-23T10:50:49.555786,
46,5,Organic,,235.0,B0DKB9XZT4,I Love Dick Magnet I Heart Dick Large 3x10 Bumper Sticker Size Fun Prank Joke Gay Adult Penis Magnet - Black,N/A,$11.99,,5.0,1.0,False,https://m.media-amazon.com/images/I/41nJSlQjs3L._AC_UL320_.jpg,https://m.media-amazon.com/images/I/41nJSlQjs3L._AC_SL1500_.jpg,,2026-04-23T10:50:49.559721,
47,5,Organic,,236.0,B0D9C545PY,The World Has Bigger Problems Than Gay People Magnet - LGBTQ Pride Ally Love Rainbow Flag Magnet - Car Truck Bumper Fridge Metal Surface Magnet - 5 Inches On Longest Side - Made in USA - AAMT0097,N/A,$6.95,,,,False,https://m.media-amazon.com/images/I/71DJKfCEY0L._AC_UL320_.jpg,https://m.media-amazon.com/images/I/71DJKfCEY0L._AC_SL1500_.jpg,,2026-04-23T10:50:49.563895,
48,5,Organic,,237.0,B0FY5WRC85,"I'm Not Gay But My Butthole is Magnet 5"" Round Fun Gay Friends Lovers Joke Prank Magnets",N/A,$12.95,,,,False,https://m.media-amazon.com/images/I/61PZ1DsyOpL._AC_UL320_.jpg,https://m.media-amazon.com/images/I/61PZ1DsyOpL._AC_SL1500_.jpg,,2026-04-23T10:50:49.568691,
49,5,Organic,,238.0,B087BGCJJJ,"MAGNET Utah State Shaped Gay Pride Rainbow Flag Sticker Lgbt Ut Magnetic Vinyl Car Fridge Sticks to any Metal Surface 5""",N/A,$5.95,,5.0,1.0,False,https://m.media-amazon.com/images/I/31bUk5yux6L._AC_UL320_.jpg,https://m.media-amazon.com/images/I/31bUk5yux6L._AC_SL1500_.jpg,,2026-04-23T10:50:49.571986,
50,5,Organic,,239.0,B0DKB8423S,I Love Dick Magnet I Heart Dick Large 3x10 Bumper Sticker Size Fun Prank Joke Gay Adult Penis Magnet - Rainbow,N/A,$11.99,,,,False,https://m.media-amazon.com/images/I/51Dgp58v8aL._AC_UL320_.jpg,https://m.media-amazon.com/images/I/51Dgp58v8aL._AC_SL1500_.jpg,,2026-04-23T10:50:49.576090,
51,5,Organic,,240.0,B0GKNC8FN5,"Gay - Hashtag - Black & White 5"" Removable Magnetic Bumper Sticker | Heavy-Duty Vehicle Magnet",N/A,$5.95,,,,False,https://m.media-amazon.com/images/I/41i37FDjKeL._AC_UL320_.jpg,https://m.media-amazon.com/images/I/41i37FDjKeL._AC_SL1500_.jpg,,2026-04-23T10:50:49.579003,
53,5,Title,,,,Debug info copied.Sponsored16PCS Funny Pride Gay Car Bumper Magnets: Bulk Magnetic Rainbow Decals De,,,,,,False,,,,2026-04-23T10:50:49.579725,
54,5,Title,,,,Previous1...4567Next,,,,,,False,,,,2026-04-23T10:50:49.580105,
55,5,SB,5.0,,,N/A,https://aax-us-east-retail-direct.amazon.com/x/c/JKDfnDzdZF1Hk0Yhl7Hq5UEAAAGduD87LgEAAAH2AQBvbm9fdHhuX2JpZDQgICBvbm9fdHhuX2ltcDEgICC-ebLk/clv1c_ek-wxPHXJcTSDaWCvp8nKhIIEHqSev5uPzQXU13w3QKO7oPcyy5TYqOeH__LDIsxdwTam7O2q6VE0pM6D0FuZXi6HwcffsD6ssfL5NPyiNk7c9lWSyLvL9R4o_15Sp47xoWynuW2gjouY8oUQeRhm9LemH3clcyrk8bKv__qT4Ehge_W8uBwjJeGT_FE39ry6O-JlsrLEQqq7_w9NC-IYOaYCE5uwl2asBJLAwGdTV9M-KLF1JNB7Q4v6MZl0p6rlHiU-iOxZ03t00cR67lkcsu39SdJIpQcCNmIyQKz1MG2JtK5lAtRoX63Bl-SFREBBhq-3FZwAByYY_SGcrf2ynMyJA_ymDGe_eHE3t_bMEyiFVT-7WV36fVmYae-J2WkM1y9wXXPcOLnpLqAfd5IL_44nYqryeHRt6SjgUWprk-NEQSWnGUqFApp6Szy2PzRlR5-slSDsHUyXCqbMtHdLFcskwU8iaPKVnvkq5yjaq1T2_sD30A5pozOZPlJBnPnjG6EaWPW-QHX5w7KZSX4AzmjHLHkbYQdqT6iPRzSJonkr2Dfvc1Qmfdt5aI-LChy8B4KpDNBNiWGUAkAckXT-g6ZmpdS5lxeQpEhCgdFJMEMyOtFJANn2YWPfPVcdr2EE82TFpx94rML_kW5g7VI-xEDgk8W-1ec5tz4CvNZjIITCYrA1zYZ1JsD4cfU5oSWGRaaowGQ8VdGBA3arcw6DJo6KMvNMLZMSUkcmCIPePdGOEE-n1oA4RdNmx-wq6sILlT3ZFHLhW4CtQH3j-a_UtX_yimYYliV9rYyGr_TyZtio2gHBIzogyiIQKTYBYKBGMwelaN9my1O4TBzSFVow_tPoOflMyPndE91meQKgvgZ_2JlpEFeyMqFEPOBDG0EcW0Q_DUdVYy8P_mBkFe6UcPjzpRoCyCEJSHte0HWxitx4m3A1SVKVsKVfJkgl4r23lm52fWb0X0xkuSPkeLVX47GDvdmS0zziUMkpOMZ_v0KtX4zuxEOUWKix-fOAdfo0g58hSxprI7UiIlNOqQbKmrFbv_2blbKwHu4AnN0QxZK05GfoNgyAXfQRD_IJYSet8osQQ0WmQzBgSMzSgzxBLVztLZCgaNZUAiINPJ_MaWnRIWypsYtaF5BLVUN7Ax0_8HO4lYetfPMwLbSazjBShS4QhutAfkkFBH_W5rqq1YKDlPw-EXmYvj5JDpOvdKNMWmRc4ZZ25qlWp1HGhpCMfhIh4yVhz9kDVmzPQ-IH4MZiV_D_PS3zvroOyQamJbkvff8X-RuYpRsQKjjJVj1EIi-ydkb206aLx5mcb9c0J71Q94EyxDdY_I5m0is-bPUgFxwgj3gQ2Sb2vX33vAGIO-YJJFrJGD2aWDdaug5HLqbsf6dq0_fqbJI2ZPnGZfSdMIBbm0F1rKkEWekuw7uPr6dF2Eo3ax3PMcG0ZndiyFl6TTaFIyTx-E4sH8lo5U7zYeQ_KxThdR5OrBZamO-Xqx2vT90vG1MkF1Cya_OdNDrG-8YmPs5JZIXdFzRAPK-2kfl0JJs4lqnG8pnqS-lByixZEwB6PGlS7OvmKr34jnTIi0ad1T6xTNo1xKd6wxOvLYktl21keDyfuDrLdGAUGk18fuKAapLBE4s7NFXf2r7XiSXr9jhpKBHqO2pEDBp7ZNm_v5-Us5o20kBhGX3DQNQauaSBuP-dzsndA/https://www.amazon.com/stores/page/43112043-78C1-45D4-92CC-1A723B72F4A4/?_encoding=UTF8&store_ref=SB_A070186719OGVT5Q50QX2-A0712219UCCL6EFV0GF1&pd_rd_plhdr=t&aaxitk=1bd08ea5c14c02d0f48c2715e16b33c4&hsa_cr_id=0&lp_asins=B0GDXV1C45%2CB0D96N4PXQ%2CB0GCL4WDX8&lp_query=gay%20car%20magnets&lp_slot=desktop-hsa-3psl&ref_=sbx_be_s_3psl_mbd_mb0_bkgd&pd_rd_w=n8oKi&content-id=amzn1.sym.cd7c548b-a599-426f-9ffe-daa1aa803c87%3Aamzn1.sym.cd7c548b-a599-426f-9ffe-daa1aa803c87&pf_rd_p=cd7c548b-a599-426f-9ffe-daa1aa803c87&pf_rd_r=NQH86YPDQBHJQ7J3J41H&pd_rd_wg=tkVQG&pd_rd_r=52b5ca15-65e9-4185-b001-ec4de734fd47,,,,,False,,,N/A,2026-04-23T10:50:49.585216,
56,5,Title,,,,Need help?Visit the help sectionorcontact us,,,,,,False,,,,2026-04-23T10:50:49.585784,
