data_index,page,ad_type,ad_rank,organic_rank,asin,title,url,price_current,price_list,rating_stars,rating_count,is_prime,image_small,image_large,brand_name,scraped_at
0,1,Title,,,,ResultsCheck each product page for other buying options.,,,,,,False,,,,2026-04-23T11:37:44.699504
2,1,Organic,,1.0,B0GRRVFTMR,Who Killed Jesus?,N/A,$0.00,,,,False,https://m.media-amazon.com/images/I/71gwa6jlohL._AC_UL320_.jpg,https://m.media-amazon.com/images/I/71gwa6jlohL._AC_SL1500_.jpg,,2026-04-23T11:37:44.703288
3,1,Organic,,2.0,B0CBKXT497,"Compatible with Genesis Key Fob Cover, Gold Keychains, for G80 GV80 GV70 G90 2021 2022 2023 6 8 Buttons TPU Genesis Accessories Car Key Case Shell (White)",N/A,,,4.3,273.0,False,https://m.media-amazon.com/images/I/71AuFimQkaL._AC_UL320_.jpg,https://m.media-amazon.com/images/I/71AuFimQkaL._AC_SL1500_.jpg,,2026-04-23T11:37:44.706909
4,1,Organic,,3.0,B00009NK5B,アソボット戦記五九 第2章・伝説の扉編 KEY4 [DVD],N/A,,,,,False,https://m.media-amazon.com/images/I/21NT3AX7W6L._AC_UL320_.jpg,https://m.media-amazon.com/images/I/21NT3AX7W6L._AC_SL1500_.jpg,,2026-04-23T11:37:44.708926
5,1,Title,,,,More results,,,,,,False,,,,2026-04-23T11:37:44.709481
6,1,Organic,,4.0,B0DR9G22ZX,Key4 (4thkey4thHouse4Music),N/A,,,,,False,https://m.media-amazon.com/images/I/819rxgxNPiL._AC_UL320_.jpg,https://m.media-amazon.com/images/I/819rxgxNPiL._AC_SL1500_.jpg,,2026-04-23T11:37:44.710950
7,1,Organic,,5.0,B0FM1M2BDB,Key4!,N/A,,,,,False,https://m.media-amazon.com/images/I/81+uo1OrXCL._AC_UL320_.jpg,https://m.media-amazon.com/images/I/81+uo1OrXCL._AC_SL1500_.jpg,,2026-04-23T11:37:44.713073
8,1,Organic,,6.0,B0DR9CG6QC,Key4 (4thkey4thHouse4Music),N/A,,,,,False,https://m.media-amazon.com/images/I/819rxgxNPiL._AC_UL320_.jpg,https://m.media-amazon.com/images/I/819rxgxNPiL._AC_SL1500_.jpg,,2026-04-23T11:37:44.714841
9,1,Organic,,7.0,B0FLZT5N11,Key4!,N/A,,,,,False,https://m.media-amazon.com/images/I/81+uo1OrXCL._AC_UL320_.jpg,https://m.media-amazon.com/images/I/81+uo1OrXCL._AC_SL1500_.jpg,,2026-04-23T11:37:44.717259
10,1,Organic,,8.0,B0B2SBCTL1,"Key4, Vol. I [Explicit]",N/A,,,,,False,https://m.media-amazon.com/images/I/81nLufQrnxL._AC_UL320_.jpg,https://m.media-amazon.com/images/I/81nLufQrnxL._AC_SL1500_.jpg,,2026-04-23T11:37:44.719230
11,1,Organic,,9.0,B08TZWCTQ1,ハルノヒ Key-4(原曲歌手:あいみょん)[ガイド無しカラオケ],N/A,,,,,False,https://m.media-amazon.com/images/I/81yXm+OHPUL._AC_UL320_.jpg,https://m.media-amazon.com/images/I/81yXm+OHPUL._AC_SL1500_.jpg,,2026-04-23T11:37:44.721084
12,1,Organic,,10.0,B08V124ZHD,雪の華 Key-4(原曲歌手:中島美嘉)[ガイド無しカラオケ],N/A,,,,,False,https://m.media-amazon.com/images/I/81IUgn0pBZL._AC_UL320_.jpg,https://m.media-amazon.com/images/I/81IUgn0pBZL._AC_SL1500_.jpg,,2026-04-23T11:37:44.723052
13,1,Organic,,11.0,B08V1665GB,雪の華 Key+4(原曲歌手:中島美嘉)[ガイド無しカラオケ],N/A,,,,,False,https://m.media-amazon.com/images/I/81IUgn0pBZL._AC_UL320_.jpg,https://m.media-amazon.com/images/I/81IUgn0pBZL._AC_SL1500_.jpg,,2026-04-23T11:37:44.724985
14,1,Organic,,12.0,B0CKVZSSWX,Subtitle(Karaoke) : Key+4 / wG,N/A,,,,,False,https://m.media-amazon.com/images/I/71VIbTGaBwL._AC_UL320_.jpg,https://m.media-amazon.com/images/I/71VIbTGaBwL._AC_SL1500_.jpg,,2026-04-23T11:37:44.726973
15,1,Organic,,13.0,B0CL9LT2DH,Akeboshi(Karaoke) : Key-4,N/A,,,,,False,https://m.media-amazon.com/images/I/71UAO9O1hFL._AC_UL320_.jpg,https://m.media-amazon.com/images/I/71UAO9O1hFL._AC_SL1500_.jpg,,2026-04-23T11:37:44.728819
16,1,Organic,,14.0,B0CKVY1HTN,Galaxy Express 999(Karaoke) : Key-4 / wG,N/A,,,,,False,https://m.media-amazon.com/images/I/71MnCS1fSOL._AC_UL320_.jpg,https://m.media-amazon.com/images/I/71MnCS1fSOL._AC_SL1500_.jpg,,2026-04-23T11:37:44.730689
17,1,Title,,,,More results,,,,,,False,,,,2026-04-23T11:37:44.731460
18,1,Organic,,15.0,B0D7Q8FJL1,MIRROR(Karaoke) : Key-4 / wG,N/A,,,,,False,https://m.media-amazon.com/images/I/717SQpKlkpL._AC_UL320_.jpg,https://m.media-amazon.com/images/I/717SQpKlkpL._AC_SL1500_.jpg,,2026-04-23T11:37:44.733718
19,1,Organic,,16.0,B0CQ4QD3GQ,Body And Soul : Key-4 / wG,N/A,,,,,False,https://m.media-amazon.com/images/I/81gfIfYbVuL._AC_UL320_.jpg,https://m.media-amazon.com/images/I/81gfIfYbVuL._AC_SL1500_.jpg,,2026-04-23T11:37:44.735989
20,1,Organic,,17.0,B08V1MV49T,裸の心 Key-4(原曲歌手:あいみょん)[ガイド無しカラオケ],N/A,,,,,False,https://m.media-amazon.com/images/I/81bP3r25bVL._AC_UL320_.jpg,https://m.media-amazon.com/images/I/81bP3r25bVL._AC_SL1500_.jpg,,2026-04-23T11:37:44.737980
21,1,Organic,,18.0,B08V1L4CQH,裸の心 Key+4(原曲歌手:あいみょん)[ガイド無しカラオケ],N/A,,,,,False,https://m.media-amazon.com/images/I/81bP3r25bVL._AC_UL320_.jpg,https://m.media-amazon.com/images/I/81bP3r25bVL._AC_SL1500_.jpg,,2026-04-23T11:37:44.739920
22,1,Organic,,19.0,B08V1JM862,時の流れに身をまかせ Key+4 (原曲歌手:テレサ・テン)[ガイド無しカラオケ],N/A,,,,,False,https://m.media-amazon.com/images/I/81E0jmHO6ML._AC_UL320_.jpg,https://m.media-amazon.com/images/I/81E0jmHO6ML._AC_SL1500_.jpg,,2026-04-23T11:37:44.742092
23,1,Organic,,20.0,B08TZTW4BR,時の流れに身をまかせ Key-4 (原曲歌手:テレサ・テン)[ガイド無しカラオケ],N/A,,,,,False,https://m.media-amazon.com/images/I/81E0jmHO6ML._AC_UL320_.jpg,https://m.media-amazon.com/images/I/81E0jmHO6ML._AC_SL1500_.jpg,,2026-04-23T11:37:44.744238
24,1,Organic,,21.0,B08V1LPL9R,三日月 Key+4(原曲歌手:絢香)[ガイド無しカラオケ],N/A,,,,,False,https://m.media-amazon.com/images/I/81KaqD3zXpL._AC_UL320_.jpg,https://m.media-amazon.com/images/I/81KaqD3zXpL._AC_SL1500_.jpg,,2026-04-23T11:37:44.746184
25,1,Organic,,22.0,B08V15BN6Q,シングルベッド Key-4 (原曲歌手:シャ乱Q)[ガイド無しカラオケ],N/A,,,,,False,https://m.media-amazon.com/images/I/81ZCAZEfeNL._AC_UL320_.jpg,https://m.media-amazon.com/images/I/81ZCAZEfeNL._AC_SL1500_.jpg,,2026-04-23T11:37:44.748246
26,1,Organic,,23.0,B08TZQMCJK,白日 Key-4(原曲歌手:King Gnu)[ガイド無しカラオケ],N/A,,,,,False,https://m.media-amazon.com/images/I/81Wue6oSWKL._AC_UL320_.jpg,https://m.media-amazon.com/images/I/81Wue6oSWKL._AC_SL1500_.jpg,,2026-04-23T11:37:44.750214
27,1,Title,,,,More results,,,,,,False,,,,2026-04-23T11:37:44.750671
28,1,Organic,,24.0,B08V133PJJ,ロビンソン Key+4(原曲歌手:スピッツ)[ガイド無しカラオケ],N/A,,,,,False,https://m.media-amazon.com/images/I/81MIjKdw8xL._AC_UL320_.jpg,https://m.media-amazon.com/images/I/81MIjKdw8xL._AC_SL1500_.jpg,,2026-04-23T11:37:44.752290
29,1,Organic,,25.0,B08V188C2J,白日 Key+4(原曲歌手:King Gnu)[ガイド無しカラオケ],N/A,,,,,False,https://m.media-amazon.com/images/I/81Wue6oSWKL._AC_UL320_.jpg,https://m.media-amazon.com/images/I/81Wue6oSWKL._AC_SL1500_.jpg,,2026-04-23T11:37:44.754566
30,1,Organic,,26.0,B08V1QPFPF,インフェルノ Key+4(原曲歌手:Mrs. GREEN APPLE)[ガイド無しカラオケ],N/A,,,,,False,https://m.media-amazon.com/images/I/81O9ghPtVaL._AC_UL320_.jpg,https://m.media-amazon.com/images/I/81O9ghPtVaL._AC_SL1500_.jpg,,2026-04-23T11:37:44.756557
31,1,Organic,,27.0,B08TZD5PQW,インフェルノ Key-4(原曲歌手:Mrs. GREEN APPLE)[ガイド無しカラオケ],N/A,,,,,False,https://m.media-amazon.com/images/I/81O9ghPtVaL._AC_UL320_.jpg,https://m.media-amazon.com/images/I/81O9ghPtVaL._AC_SL1500_.jpg,,2026-04-23T11:37:44.758517
32,1,Organic,,28.0,B08V1C3BY8,シングルベッド Key+4 (原曲歌手:シャ乱Q)[ガイド無しカラオケ],N/A,,,,,False,https://m.media-amazon.com/images/I/81ZCAZEfeNL._AC_UL320_.jpg,https://m.media-amazon.com/images/I/81ZCAZEfeNL._AC_SL1500_.jpg,,2026-04-23T11:37:44.760316
33,1,Organic,,29.0,B08TZNSBV3,チェリー Key+4 (原曲歌手:スピッツ)[ガイド無しカラオケ],N/A,,,,,False,https://m.media-amazon.com/images/I/81QVtxNWT1L._AC_UL320_.jpg,https://m.media-amazon.com/images/I/81QVtxNWT1L._AC_SL1500_.jpg,,2026-04-23T11:37:44.762292
34,1,Organic,,30.0,B08TZYNT97,チェリー Key-4 (原曲歌手:スピッツ)[ガイド無しカラオケ],N/A,,,,,False,https://m.media-amazon.com/images/I/81QVtxNWT1L._AC_UL320_.jpg,https://m.media-amazon.com/images/I/81QVtxNWT1L._AC_SL1500_.jpg,,2026-04-23T11:37:44.764475
35,1,Organic,,31.0,B08V1C8D19,プロローグ Key-4(原曲歌手:Uru)[ガイド無しカラオケ],N/A,,,,,False,https://m.media-amazon.com/images/I/81Uze6QlmUL._AC_UL320_.jpg,https://m.media-amazon.com/images/I/81Uze6QlmUL._AC_SL1500_.jpg,,2026-04-23T11:37:44.766726
36,1,Organic,,32.0,B08V13C3DH,プロローグ Key+4(原曲歌手:Uru)[ガイド無しカラオケ],N/A,,,,,False,https://m.media-amazon.com/images/I/81Uze6QlmUL._AC_UL320_.jpg,https://m.media-amazon.com/images/I/81Uze6QlmUL._AC_SL1500_.jpg,,2026-04-23T11:37:44.768619
37,1,Organic,,33.0,B08V14HGJB,未来へ Key-4 (原曲歌手:Kiroro)[ガイド無しカラオケ],N/A,,,,,False,https://m.media-amazon.com/images/I/812YiHEVxwL._AC_UL320_.jpg,https://m.media-amazon.com/images/I/812YiHEVxwL._AC_SL1500_.jpg,,2026-04-23T11:37:44.770614
38,1,Organic,,34.0,B08V164LPF,未来へ Key+4 (原曲歌手:Kiroro)[ガイド無しカラオケ],N/A,,,,,False,https://m.media-amazon.com/images/I/812YiHEVxwL._AC_UL320_.jpg,https://m.media-amazon.com/images/I/812YiHEVxwL._AC_SL1500_.jpg,,2026-04-23T11:37:44.772466
39,1,Organic,,35.0,B08V1MYZ7Y,香水 Key+4(原曲歌手:瑛人)[ガイド無しカラオケ],N/A,,,,,False,https://m.media-amazon.com/images/I/81+1xVJOgDL._AC_UL320_.jpg,https://m.media-amazon.com/images/I/81+1xVJOgDL._AC_SL1500_.jpg,,2026-04-23T11:37:44.774475
40,1,Organic,,36.0,B08TZXRCVT,ただ君に晴れ Key-4(原曲歌手:ヨルシカ)[ガイド無しカラオケ],N/A,,,,,False,https://m.media-amazon.com/images/I/81HYSYdfrnL._AC_UL320_.jpg,https://m.media-amazon.com/images/I/81HYSYdfrnL._AC_SL1500_.jpg,,2026-04-23T11:37:44.776666
41,1,Organic,,37.0,B01GJLQZ2K,Moonlight (Instrumental) [Key-4 Version],N/A,,,,,False,https://m.media-amazon.com/images/I/61Mq+TWeKYL._AC_UL320_.jpg,https://m.media-amazon.com/images/I/61Mq+TWeKYL._AC_SL1500_.jpg,,2026-04-23T11:37:44.778921
42,1,Organic,,38.0,B0CKPFVPN6,Key & Peele,https://www.amazon.com/Key-Peele/dp/B0CKPFVPN6/ref=sr_1_38?dib=eyJ2IjoiMSJ9.moZLNz0I75TOsf9xUmZRio3MshQNDtiGCalSe-d_Ly93whSvVCPb7-SpYH1hMlHetCTgDyEk8a00ovcjMccQ6S44JgxBT2ZEbfB8burBnWg0XaySOCrfXW7RWBW7yMxQu-rn26iUbzBa4oF5UP2gXT_--H3LfoCMtq1JS1SesPY7dhtTpLFtY00ZMGVJ8x1aOh0mR2Rpn4ueLFFZcwWxXbbMamm-oNPmjpXMUnj_2SZjd-DZR1mcIMUHkMaEZ2-dfmdi7xFBzQdTtTY2SFaK_kNQcjLir-RE0NVXtazVso4.ykm_axOfo_WC7d6DnRzEty2APoILbP4a3SyfKYvwDz8&dib_tag=se&keywords=key4&qid=1776915458&sr=8-38,$2.99,,,,False,https://m.media-amazon.com/images/I/71rGkIhGOQL._AC_UL320_.jpg,https://m.media-amazon.com/images/I/71rGkIhGOQL._AC_SL1500_.jpg,,2026-04-23T11:37:44.781158
43,1,Organic,,39.0,B0FVFWWLJ9,Inferno(Karaoke) : Key-4,N/A,,,,,False,https://m.media-amazon.com/images/I/71TSlzqfLhL._AC_UL320_.jpg,https://m.media-amazon.com/images/I/71TSlzqfLhL._AC_SL1500_.jpg,,2026-04-23T11:37:44.783402
44,1,Organic,,40.0,B0CK4SS86T,YELL(Karaoke) : Key-4 / wG,N/A,,,,,False,https://m.media-amazon.com/images/I/71LkbiihWPL._AC_UL320_.jpg,https://m.media-amazon.com/images/I/71LkbiihWPL._AC_SL1500_.jpg,,2026-04-23T11:37:44.785713
45,1,Organic,,41.0,B0CS33K2LF,The Train : Key-4 / wG,N/A,,,,,False,https://m.media-amazon.com/images/I/71rlN50m4VL._AC_UL320_.jpg,https://m.media-amazon.com/images/I/71rlN50m4VL._AC_SL1500_.jpg,,2026-04-23T11:37:44.787616
46,1,Organic,,42.0,B0CS2TG3BG,Sabor A Mi : Key-4 / wG,N/A,,,,,False,https://m.media-amazon.com/images/I/715cM4PjxNL._AC_UL320_.jpg,https://m.media-amazon.com/images/I/715cM4PjxNL._AC_SL1500_.jpg,,2026-04-23T11:37:44.789345
47,1,Title,,,,More results,,,,,,False,,,,2026-04-23T11:37:44.789729
48,1,Organic,,43.0,B0CK4SQF6X,YELL(Karaoke) : Key+4 / wG,N/A,,,,,False,https://m.media-amazon.com/images/I/71LkbiihWPL._AC_UL320_.jpg,https://m.media-amazon.com/images/I/71LkbiihWPL._AC_SL1500_.jpg,,2026-04-23T11:37:44.791327
49,1,Organic,,44.0,B0CNSWX2D2,Kurenai(Karaoke) : Key-4,N/A,,,,,False,https://m.media-amazon.com/images/I/71qBHBg65UL._AC_UL320_.jpg,https://m.media-amazon.com/images/I/71qBHBg65UL._AC_SL1500_.jpg,,2026-04-23T11:37:44.793374
50,1,Organic,,45.0,B0CR47X84G,Windy : Key-4 / wG,N/A,,,,,False,https://m.media-amazon.com/images/I/71l6CfSA6UL._AC_UL320_.jpg,https://m.media-amazon.com/images/I/71l6CfSA6UL._AC_SL1500_.jpg,,2026-04-23T11:37:44.795322
51,1,Organic,,46.0,B0CTCQP93B,Haru / Sunny (Karaoke) : Key-4 / wG,N/A,,,,,False,https://m.media-amazon.com/images/I/71k2bxcxL4L._AC_UL320_.jpg,https://m.media-amazon.com/images/I/71k2bxcxL4L._AC_SL1500_.jpg,,2026-04-23T11:37:44.797244
52,1,Organic,,47.0,B0CM8X591Y,Charles(Karaoke) : Key-4 / wG,N/A,,,,,False,https://m.media-amazon.com/images/I/71z09Ymtt2L._AC_UL320_.jpg,https://m.media-amazon.com/images/I/71z09Ymtt2L._AC_SL1500_.jpg,,2026-04-23T11:37:44.799154
53,1,Organic,,48.0,B0CK4RQHHJ,YELL(Karaoke) : Key-4,N/A,,,,,False,https://m.media-amazon.com/images/I/71LkbiihWPL._AC_UL320_.jpg,https://m.media-amazon.com/images/I/71LkbiihWPL._AC_SL1500_.jpg,,2026-04-23T11:37:44.800990
54,1,Title,,,,Previous123Next,,,,,,False,,,,2026-04-23T11:37:44.801579
55,1,SB,1.0,,,N/A,https://aax-us-east-retail-direct.amazon.com/x/c/JD3P1Tdad1NFab4qpECIWOIAAAGduGorKQEAAAH2AQBvbm9fdHhuX2JpZDUgICBvbm9fdHhuX2ltcDIgICBny2Cq/clv1c_ek-wBPfXJTbXzQ4Sc54huj4p7V0Ef1hz4dw-Pu0Bnc58axxJpLQKB-tPF2-8vJQ0aFSGJZDIz1Q_feDrSVpv6oz5XxCM7xVzwbmIqmwPJzc4TwloMmwBO9xomTwSu2YB1xRPpyAo8JYcNAl-CkJu9YDlG27X8vRqksYAzzS77K8DKXsckMz9_gsqu9zwEnSYM4o1g-dFVzJAWW39sk6w4ksbUFoyFC6sNqYNKHz717l5LFtNqjJvQfkFdJXEw2l20Th3M6C4GSI7kkv5E3KBZgXqyje6QXCjLT48DfPUfDrvAZlvCHTYWNb1m5zaRkBIr4vVDhbcl0BQKSPVEvlkN-cLUwoJPFrNEkYybWA4BTOc_U17swS9JZRLPyeeRW2PyD2uH2-HxflEI_jKI7mgps_50l1LRKdYd29n6v3vahQHgAI_pNSABiB4JBeegP5wTxTt0p7uUaE7kEighXf_67qN-e2y8-FqphriU4neReWTwviWWBPPsvffz8HJwZ0YupyXdVA2Kn_pqkv8Wz6NLEhjN3982DPpGG114TZ_rZ8k6PFB0iqxDT0DyxGgzxmewkw1yEUKV1as-yjJ3IizHVTQw17rkjXTjz7KK5o0t7wZdd1632-DyIzlDxzXtldXzgg6C7k5URJ1TzN9UISooVKwVB6ClCbBX_K3o8khZEFAOPp8cppfk5C3VoGju36qHh6DCUCJNocAsaJ7pZCLA_Ony3nvgFesX2n2NadUOzO2_0iBnJanbrC_DuGIK-bWrK72NdW8bwQkaVq_aLLbAivWkkfXTQ32o-KgL7PUDIdrUvBXCvSxgPN0rj17DryRyGPKehB00jFymxog6RbGwTfEzbpgoKU3nRewLyLSUpSOIkJvE73OnYeeAukKFRFeHgPWc8Tl21eLsskX9kfepdsZQmKHGbDjJtBT4_J4AsW3H9PtH2r-sdRCU5C4L-GgqNCxoYfGdfUzlASWb2UE2GQDMltvWTvjmGMfFoOd20jN6IuPcoyzOjdyr_--ifaYZpf4lE8xqcV9s9Ix7NoMGD2pLg4AwhiBameMEfnh7nczzHa-ba3XQigQ265-OphF1-pDlSZV5p0WZHojsT9L-BIdzxJQ5sM0-iaz_hw-PkppHY-l-KuhTItBwp5w8RP5JYqvMaB948GXRahnv2MrPphsQ9h-rhLrCpMs_-zvMTd7fEqH1JQAVVc2rncIIPDW7Ug30VWTNc2rFZn_Af2J56jMdrBu-4PolRHuG03K17kNf7Dc-RUF25xoy-WNFxrJtHJiBz7aQ4x-gYaKD5gqcHmXS0wEZ2aCEvAuM6qPabVqwzk58f5tMSauYFC8TVJbALogiaBy-pVMM3jgvHYBL1HtJSUXWMhhYA6erRy3-H6tZOJ5Yw3-JreFnBOLYY8wBR-U4LvvdLBZxdPymJMOAVz38E8AIlZIsPeAbTtG6uzZrprJ7Oaqxz7rYiKRiNWUtlPA-kVvBSay1v7KWaO4Q030TGu0jzo_sBWTQGiDXru48fHaEmgBGVnsgPs5kcgTK1th9Z401mk0SBl33soI9ZgJIOkun4gH4bPQFCOPSIu_BhhkO3siqtQlJRv-2Yv0th-v6ZGow0YQ3nmYHYAfcEH-ZJlmZKy7EVFKdLgD7L4Lci8ust27w7ZVvEvz4iJuxTxZKngY_RkGIcObRFfXsXTweUSwPSwl/https://www.amazon.com/stores/page/5EF421E8-DE42-44BD-888D-052017C90B8F/?_encoding=UTF8&store_ref=SB_A030352535A62WJOM4J1C-A0870621TJQ6FZ3MX3LJ&pd_rd_plhdr=t&aaxitk=a291af81462356c8f88a29454d8d19cf&hsa_cr_id=0&lp_asins=B07WS7KSGT%2CB07WVC9KSG%2CB07QBPDWLS&lp_query=key4&lp_slot=desktop-hsa-3psl&ref_=sbx_be_s_3psl_mbd_mb0_bkgd&pd_rd_w=8IJQc&content-id=amzn1.sym.cd7c548b-a599-426f-9ffe-daa1aa803c87%3Aamzn1.sym.cd7c548b-a599-426f-9ffe-daa1aa803c87&pf_rd_p=cd7c548b-a599-426f-9ffe-daa1aa803c87&pf_rd_r=24RSZNZ7Z058CQKB18E5&pd_rd_wg=KOhR8&pd_rd_r=0b76f032-6ee6-4a37-af09-d46666f278e2,,,,,False,,,N/A,2026-04-23T11:37:44.805852
56,1,Title,,,,Need help?Visit the help sectionorcontact us,,,,,,False,,,,2026-04-23T11:37:44.806740
0,2,Title,,,,ResultsCheck each product page for other buying options.,,,,,,False,,,,2026-04-23T11:38:00.340689
2,2,Organic,,49.0,B0D7Q9CT9P,MIRROR(Karaoke) : Key+4 / wG,N/A,,,,,False,https://m.media-amazon.com/images/I/717SQpKlkpL._AC_UL320_.jpg,https://m.media-amazon.com/images/I/717SQpKlkpL._AC_SL1500_.jpg,,2026-04-23T11:38:00.343889
3,2,Organic,,50.0,B0CS2T2V1V,The Train : Key+4 (Karaoke),N/A,,,,,False,https://m.media-amazon.com/images/I/71rlN50m4VL._AC_UL320_.jpg,https://m.media-amazon.com/images/I/71rlN50m4VL._AC_SL1500_.jpg,,2026-04-23T11:38:00.346757
4,2,Organic,,51.0,B0CTCNC38C,Haru / Sunny (Karaoke) : Key+4 / wG,N/A,,,,,False,https://m.media-amazon.com/images/I/71k2bxcxL4L._AC_UL320_.jpg,https://m.media-amazon.com/images/I/71k2bxcxL4L._AC_SL1500_.jpg,,2026-04-23T11:38:00.348827
5,2,Title,,,,Fegve D Ring Keychain for Car KeysSponsored|Top 10 best-selling brand in keychains|Shop FEGVE EDC - ,,,,,,False,,,,2026-04-23T11:38:00.350286
6,2,Title,,,,More results,,,,,,False,,,,2026-04-23T11:38:00.350578
7,2,Organic,,52.0,B0CS337PSQ,Sabor A Mi : Key+4 / wG,N/A,,,,,False,https://m.media-amazon.com/images/I/715cM4PjxNL._AC_UL320_.jpg,https://m.media-amazon.com/images/I/715cM4PjxNL._AC_SL1500_.jpg,,2026-04-23T11:38:00.352007
8,2,Organic,,53.0,B0CLTWWR7V,The Brave / Yu-sha (Karaoke) : Key-4,N/A,,,,,False,https://m.media-amazon.com/images/I/71tDL+soe0L._AC_UL320_.jpg,https://m.media-amazon.com/images/I/71tDL+soe0L._AC_SL1500_.jpg,,2026-04-23T11:38:00.353863
9,2,Organic,,54.0,B0CQ4P32NP,Constant Rain : Key-4 / wG,N/A,,,,,False,https://m.media-amazon.com/images/I/81hJ5eoBZeL._AC_UL320_.jpg,https://m.media-amazon.com/images/I/81hJ5eoBZeL._AC_SL1500_.jpg,,2026-04-23T11:38:00.355886
10,2,Organic,,55.0,B0CK4QRYV7,Idol(Karaoke) : Key-4 / wG,N/A,,,,,False,https://m.media-amazon.com/images/I/71cRszNbdCL._AC_UL320_.jpg,https://m.media-amazon.com/images/I/71cRszNbdCL._AC_SL1500_.jpg,,2026-04-23T11:38:00.357830
11,2,Organic,,56.0,B0CTCRFGVN,Haru / Sunny (Karaoke) : Key-4,N/A,,,,,False,https://m.media-amazon.com/images/I/71k2bxcxL4L._AC_UL320_.jpg,https://m.media-amazon.com/images/I/71k2bxcxL4L._AC_SL1500_.jpg,,2026-04-23T11:38:00.359683
12,2,Organic,,57.0,B0CS2PNKBR,The Train : Key-4 (Karaoke),N/A,,,,,False,https://m.media-amazon.com/images/I/71rlN50m4VL._AC_UL320_.jpg,https://m.media-amazon.com/images/I/71rlN50m4VL._AC_SL1500_.jpg,,2026-04-23T11:38:00.361529
13,2,Title,,,,FEGVE Two-way Lock Durable Keychain for KeysShop FEGVE EDC - Design ForYouPrevious pageFEGVE D Ring ,,,,,,False,,,,2026-04-23T11:38:00.363310
14,2,Title,,,,More results,,,,,,False,,,,2026-04-23T11:38:00.363446
15,2,Organic,,58.0,B0CK4TS4HK,Overdose(Karaoke) : Key+4 / wG,N/A,,,,,False,https://m.media-amazon.com/images/I/71ecFZoysoL._AC_UL320_.jpg,https://m.media-amazon.com/images/I/71ecFZoysoL._AC_SL1500_.jpg,,2026-04-23T11:38:00.365334
16,2,Organic,,59.0,B0CTCQL9KD,Haru / Sunny (Karaoke) : Key+4,N/A,,,,,False,https://m.media-amazon.com/images/I/71k2bxcxL4L._AC_UL320_.jpg,https://m.media-amazon.com/images/I/71k2bxcxL4L._AC_SL1500_.jpg,,2026-04-23T11:38:00.367109
17,2,Organic,,60.0,B0CLTWJW7C,The Brave / Yu-sha (Karaoke) : Key-4 / wG,N/A,,,,,False,https://m.media-amazon.com/images/I/71tDL+soe0L._AC_UL320_.jpg,https://m.media-amazon.com/images/I/71tDL+soe0L._AC_SL1500_.jpg,,2026-04-23T11:38:00.368808
18,2,Organic,,61.0,B0D7Q7ZM1X,MIRROR(Karaoke) : Key+4,N/A,,,,,False,https://m.media-amazon.com/images/I/717SQpKlkpL._AC_UL320_.jpg,https://m.media-amazon.com/images/I/717SQpKlkpL._AC_SL1500_.jpg,,2026-04-23T11:38:00.370524
19,2,Organic,,62.0,B0CK4T9XPJ,YELL(Karaoke) : Key+4,N/A,,,,,False,https://m.media-amazon.com/images/I/71LkbiihWPL._AC_UL320_.jpg,https://m.media-amazon.com/images/I/71LkbiihWPL._AC_SL1500_.jpg,,2026-04-23T11:38:00.372278
20,2,Organic,,63.0,B0CNCRT4YF,Homura(Karaoke) : Key+4 / wG,N/A,,,,,False,https://m.media-amazon.com/images/I/71hTdRtCCAL._AC_UL320_.jpg,https://m.media-amazon.com/images/I/71hTdRtCCAL._AC_SL1500_.jpg,,2026-04-23T11:38:00.373961
21,2,Organic,,64.0,B0CNSV2X5Q,Imitation rain(Karaoke) : Key+4,N/A,,,,,False,https://m.media-amazon.com/images/I/71m2egeaZBL._AC_UL320_.jpg,https://m.media-amazon.com/images/I/71m2egeaZBL._AC_SL1500_.jpg,,2026-04-23T11:38:00.375869
22,2,Organic,,65.0,B0CLTX5MY3,The Brave / Yu-sha (Karaoke) : Key+4 / wG,N/A,,,,,False,https://m.media-amazon.com/images/I/71tDL+soe0L._AC_UL320_.jpg,https://m.media-amazon.com/images/I/71tDL+soe0L._AC_SL1500_.jpg,,2026-04-23T11:38:00.377536
23,2,Organic,,66.0,B0CS2ZRKP7,Homeward Bound : Key+4 (Karaoke),N/A,,,,,False,https://m.media-amazon.com/images/I/81Nng+BKnSL._AC_UL320_.jpg,https://m.media-amazon.com/images/I/81Nng+BKnSL._AC_SL1500_.jpg,,2026-04-23T11:38:00.379460
24,2,Organic,,67.0,B0CK4SYQMD,Idol(Karaoke) : Key+4 / wG,N/A,,,,,False,https://m.media-amazon.com/images/I/71cRszNbdCL._AC_UL320_.jpg,https://m.media-amazon.com/images/I/71cRszNbdCL._AC_SL1500_.jpg,,2026-04-23T11:38:00.381326
25,2,Organic,,68.0,B0CPLWPLTJ,Sky High : Key-4 (Karaoke),N/A,,,,,False,https://m.media-amazon.com/images/I/71XSDlt7xiL._AC_UL320_.jpg,https://m.media-amazon.com/images/I/71XSDlt7xiL._AC_SL1500_.jpg,,2026-04-23T11:38:00.383015
26,2,Organic,,69.0,B0CKVZPY6Y,Galaxy Express 999(Karaoke) : Key-4,N/A,,,,,False,https://m.media-amazon.com/images/I/71MnCS1fSOL._AC_UL320_.jpg,https://m.media-amazon.com/images/I/71MnCS1fSOL._AC_SL1500_.jpg,,2026-04-23T11:38:00.384692
27,2,Organic,,70.0,B0CK4TVWRS,Idol(Karaoke) : Key-4,N/A,,,,,False,https://m.media-amazon.com/images/I/71cRszNbdCL._AC_UL320_.jpg,https://m.media-amazon.com/images/I/71cRszNbdCL._AC_SL1500_.jpg,,2026-04-23T11:38:00.386531
28,2,Organic,,71.0,B0CLTVC8CK,The Brave / Yu-sha (Karaoke) : Key+4,N/A,,,,,False,https://m.media-amazon.com/images/I/71tDL+soe0L._AC_UL320_.jpg,https://m.media-amazon.com/images/I/71tDL+soe0L._AC_SL1500_.jpg,,2026-04-23T11:38:00.388235
29,2,Organic,,72.0,B0CPLVR4D9,Moanin’ : Key-4 / wG,N/A,,,,,False,https://m.media-amazon.com/images/I/71kkCczz-UL._AC_UL320_.jpg,https://m.media-amazon.com/images/I/71kkCczz-UL._AC_SL1500_.jpg,,2026-04-23T11:38:00.390075
30,2,Organic,,73.0,B0CPLX14VF,Moanin’ : Key+4 (Karaoke),N/A,,,,,False,https://m.media-amazon.com/images/I/71kkCczz-UL._AC_UL320_.jpg,https://m.media-amazon.com/images/I/71kkCczz-UL._AC_SL1500_.jpg,,2026-04-23T11:38:00.392468
31,2,Organic,,74.0,B0CNCNZ5GD,Homura(Karaoke) : Key+4,N/A,,,,,False,https://m.media-amazon.com/images/I/71hTdRtCCAL._AC_UL320_.jpg,https://m.media-amazon.com/images/I/71hTdRtCCAL._AC_SL1500_.jpg,,2026-04-23T11:38:00.394308
32,2,Organic,,75.0,B0CS2XLMK5,North Wind : Key+4 (Karaoke),N/A,,,,,False,https://m.media-amazon.com/images/I/71HHLKTnMTL._AC_UL320_.jpg,https://m.media-amazon.com/images/I/71HHLKTnMTL._AC_SL1500_.jpg,,2026-04-23T11:38:00.396165
33,2,Organic,,76.0,B0CQ4RTG4H,Body And Soul : Key+4 / wG,N/A,,,,,False,https://m.media-amazon.com/images/I/81gfIfYbVuL._AC_UL320_.jpg,https://m.media-amazon.com/images/I/81gfIfYbVuL._AC_SL1500_.jpg,,2026-04-23T11:38:00.397899
34,2,Organic,,77.0,B0CPLTFWF8,My Guy : Key+4 (Karaoke),N/A,,,,,False,https://m.media-amazon.com/images/I/71FXr49om1L._AC_UL320_.jpg,https://m.media-amazon.com/images/I/71FXr49om1L._AC_SL1500_.jpg,,2026-04-23T11:38:00.399629
35,2,Organic,,78.0,B0CR45DV9L,Windy : Key-4 (Karaoke),N/A,,,,,False,https://m.media-amazon.com/images/I/71l6CfSA6UL._AC_UL320_.jpg,https://m.media-amazon.com/images/I/71l6CfSA6UL._AC_SL1500_.jpg,,2026-04-23T11:38:00.401389
36,2,Organic,,79.0,B0CS2TN3LY,North Wind : Key-4 (Karaoke),N/A,,,,,False,https://m.media-amazon.com/images/I/71HHLKTnMTL._AC_UL320_.jpg,https://m.media-amazon.com/images/I/71HHLKTnMTL._AC_SL1500_.jpg,,2026-04-23T11:38:00.403124
37,2,Organic,,80.0,B0CPLTTT7D,My Guy : Key-4 (Karaoke),N/A,,,,,False,https://m.media-amazon.com/images/I/71FXr49om1L._AC_UL320_.jpg,https://m.media-amazon.com/images/I/71FXr49om1L._AC_SL1500_.jpg,,2026-04-23T11:38:00.404898
38,2,Organic,,81.0,B0CR447T9C,Take Five : Key+4 (Karaoke),N/A,,,,,False,https://m.media-amazon.com/images/I/71ZbGxaMQoL._AC_UL320_.jpg,https://m.media-amazon.com/images/I/71ZbGxaMQoL._AC_SL1500_.jpg,,2026-04-23T11:38:00.406805
39,2,Organic,,82.0,B0CSFMXKYC,"Cute Penguin Anime Keycaps,Blue Ocean Custom Keycaps,4 Pcs Keyboard Keycaps Set,Clear Resin Artisan Keycap with Designs for Gaming Mechanical Keyboards Cherry MX Gateron Switches.(OEM)(4 Penguins)",N/A,,,,,False,https://m.media-amazon.com/images/I/71OfFVqo5UL._AC_UL320_.jpg,https://m.media-amazon.com/images/I/71OfFVqo5UL._AC_SL1500_.jpg,,2026-04-23T11:38:00.408612
40,2,Organic,,83.0,B0CQ4MSDQ4,Body And Soul : Key-4 (Karaoke),N/A,,,,,False,https://m.media-amazon.com/images/I/81gfIfYbVuL._AC_UL320_.jpg,https://m.media-amazon.com/images/I/81gfIfYbVuL._AC_SL1500_.jpg,,2026-04-23T11:38:00.410771
41,2,Organic,,84.0,B0CPLTPNTT,Speak Low / One Touch Of Venus : Key-4 / wG,N/A,,,,,False,https://m.media-amazon.com/images/I/81HSmmTSIUL._AC_UL320_.jpg,https://m.media-amazon.com/images/I/81HSmmTSIUL._AC_SL1500_.jpg,,2026-04-23T11:38:00.412551
42,2,Organic,,85.0,B0CPP9JLZC,The Rose : Key-4 / wG,N/A,,,,,False,https://m.media-amazon.com/images/I/71IHzkICJmL._AC_UL320_.jpg,https://m.media-amazon.com/images/I/71IHzkICJmL._AC_SL1500_.jpg,,2026-04-23T11:38:00.414341
43,2,Organic,,86.0,B0CPLTZ5D5,Heart Of Glass : Key+4 (Karaoke),N/A,,,,,False,https://m.media-amazon.com/images/I/81pm-p5-URL._AC_UL320_.jpg,https://m.media-amazon.com/images/I/81pm-p5-URL._AC_SL1500_.jpg,,2026-04-23T11:38:00.416122
44,2,Organic,,87.0,B0CPLTLWPP,Speak Low / One Touch Of Venus : Key+4 / wG,N/A,,,,,False,https://m.media-amazon.com/images/I/81HSmmTSIUL._AC_UL320_.jpg,https://m.media-amazon.com/images/I/81HSmmTSIUL._AC_SL1500_.jpg,,2026-04-23T11:38:00.417927
45,2,Organic,,88.0,B0CPLV72KV,Heart Of Glass : Key-4 (Karaoke),N/A,,,,,False,https://m.media-amazon.com/images/I/81pm-p5-URL._AC_UL320_.jpg,https://m.media-amazon.com/images/I/81pm-p5-URL._AC_SL1500_.jpg,,2026-04-23T11:38:00.419688
46,2,Organic,,89.0,B0CPNYCS3T,The Rose : Key-4 (Karaoke),N/A,,,,,False,https://m.media-amazon.com/images/I/71IHzkICJmL._AC_UL320_.jpg,https://m.media-amazon.com/images/I/71IHzkICJmL._AC_SL1500_.jpg,,2026-04-23T11:38:00.422052
47,2,Organic,,90.0,B0GSW9J5Y1,Five(Karaoke) : Key-4 / wG,N/A,,,,,False,https://m.media-amazon.com/images/I/71EqF1UNlcL._AC_UL320_.jpg,https://m.media-amazon.com/images/I/71EqF1UNlcL._AC_SL1500_.jpg,,2026-04-23T11:38:00.424291
48,2,Organic,,91.0,B0GSWFXG6D,Five(Karaoke) : Key-4,N/A,,,,,False,https://m.media-amazon.com/images/I/71EqF1UNlcL._AC_UL320_.jpg,https://m.media-amazon.com/images/I/71EqF1UNlcL._AC_SL1500_.jpg,,2026-04-23T11:38:00.427181
49,2,Organic,,92.0,B0GSW4GTQ5,Five(Karaoke) : Key+4 / wG,N/A,,,,,False,https://m.media-amazon.com/images/I/71EqF1UNlcL._AC_UL320_.jpg,https://m.media-amazon.com/images/I/71EqF1UNlcL._AC_SL1500_.jpg,,2026-04-23T11:38:00.430111
50,2,Organic,,93.0,B0GTYKGQZ2,Kite(Karaoke) : Key-4 / wG,N/A,,,,,False,https://m.media-amazon.com/images/I/71QAzSKh9fL._AC_UL320_.jpg,https://m.media-amazon.com/images/I/71QAzSKh9fL._AC_SL1500_.jpg,,2026-04-23T11:38:00.432154
51,2,Organic,,94.0,B0GSWGL767,Five(Karaoke) : Key+4,N/A,,,,,False,https://m.media-amazon.com/images/I/71EqF1UNlcL._AC_UL320_.jpg,https://m.media-amazon.com/images/I/71EqF1UNlcL._AC_SL1500_.jpg,,2026-04-23T11:38:00.433992
52,2,Organic,,95.0,B0GTYKQZ72,ADRENA(Karaoke) : Key-4 / wG,N/A,,,,,False,https://m.media-amazon.com/images/I/71JmGzEY-NL._AC_UL320_.jpg,https://m.media-amazon.com/images/I/71JmGzEY-NL._AC_SL1500_.jpg,,2026-04-23T11:38:00.436399
53,2,Organic,,96.0,B0GTYSM73K,ADRENA(Karaoke) : Key+4 / wG,N/A,,,,,False,https://m.media-amazon.com/images/I/71JmGzEY-NL._AC_UL320_.jpg,https://m.media-amazon.com/images/I/71JmGzEY-NL._AC_SL1500_.jpg,,2026-04-23T11:38:00.438703
55,2,Title,,,,Debug info copied.SponsoredSUMMIT DOORWARE Kwikset Key Blanks in Premium Brass Quality | KW1 Uncut B,,,,,,False,,,,2026-04-23T11:38:00.439500
56,2,Title,,,,Previous123Next,,,,,,False,,,,2026-04-23T11:38:00.439783
57,2,SB,2.0,,,N/A,https://aax-us-east-retail-direct.amazon.com/x/c/JKXhMpTocOmdiUYKKQfTQQgAAAGduGpuPQEAAAH2AQBvbm9fdHhuX2JpZDQgICBvbm9fdHhuX2ltcDIgICD1CBJq/clv1c_ek-wBPf3LbTWneN7cAdAyXszORMXWAsmzxiJU0DrPr-w2zzgUlK_iLWe4W5bBjp7TonIEDP1oKejVkZmyQ7a7WdrmFNcU535GgDvsVrXVI06rRD0k5-93C389cn8BrGBNril81Q3BfKFOZ11gwbnS4NroFqYusV64GywDzOk1e7vmew8hZQDX8cp2PRl5B104CIqwWLzX8dM25X3kbgg68izVv8eJoSyNgticYk1YNCacqCef6VdOtkZMaYKh8104uZef9rJG8E6p0oRJxYKPAk7YWBNMsnJfaJh-ijyNm4zQI-Tx-g2mH6qsJh4WXlc4ZYF0g6GDpD1Hs8J56GsOKAnZZPG2VocCqUjeZKPYjtjMnXaOwAaggqsbc0SAalCz-5UQWlah8TEjpYxj29ssJp8hTs2isY5vMPMJS4q-melwPizaiUaampCv04LZjpJrGYO6UX08EGlZBAYpYiLeZniKhQIc0DD3uRS-x3A_YaikcgLVQURruook-4323NeD1vrMgt900z2e25Lm27oOiV9eX0WhoFSS_yx5Eato1po2A051mzsSyfpG8qeA-_Sb3dRRylxnAyrZmRhwdzmRMfgvX9kuXKGAoxO-OTWfwY_x3HwaOVMvN-ZRqShxI3UuSG5eJpQ9zSfkODMdu_D5rZB5iOlcXc4ZQ2wnpjMUmXSqbwFycCMBMMi8L70DEj3qidZLbl9Z8goStcUfFIEPXCKqt-v1d_i-sG2KG7UPEECLpn4NR-Ku311Bno5Z77mIsi7h3C0FqMJrSQ75ERlEKWbPeT3XyNazU8plQ1L3qioInI_8UfNzAk7bApQ7zBcrKG5C3arfqrQzZ0ho_fW0e8ek6cYJrnVztTFXasdawPtAgRFWu7-l2rAF3BSG8g8BRoL98eW6tIanHWIK1C0uOinOUdrlqO_ayJgU8C4dzQjMuQHbXj-f293-wSyaKmdMwhmV7_exSlmaoy0M88Vf75fD6XkX_A1ncL3I2nRws-1_lZwpPcV4MbZyqQU2b3dukfyhecMPBR2tqxdqJr0PNgh2K3T1LBJt9k15F4emOLC3MlYbLvLUXHJjPJomk1w7DNUNAiE9zIVplcpHAivEM-gLa4t_XpZJMn2gBKW-TjVw513BaIR9haKED3pipGwIbeY26Khu20OMhWjX1wS2nlCatNF9I7ngm74_wnv_y2kef1HYl7MnGYk83ebliyMB6Gmod7Hb_77wqnZbZPrRTa0ycT3R85BOCklGZTtYe3_xM4WjJR7rJ5gTMkSG5huK9kfZe1-QJGQTJ-6XiGAfxLBOFuFwh0lqsWxmsORlu3VRPV0RSNZrl4BPXo8ZDEg4TQ166NsXUC7bxblRYLJ0KqjVxPr2lDVGrJsyN5NavLvo4qXJeq9f6-4ZLBHG2uwKIN9meY5LBnGJcSH3rdMu-aMAyWX2DMldhcQv0XeH9XisCTLol8FqugF_qRqJcCYZBJLuofQXTqZyIok1549taCXqJAuOonzJJFWTlqLVug5udgA41OG26KV4g61Q8NgEu9XGaTmhL_NEi7S_FNY9W2OO8iIhEe4JN1Uyyn7F0yE9RYEuBcofR9nR49D7a2cCypO_ofh2yZY01M5-oevMMTNNclGADkfc5jQfV_y-3wRu1_xqo6_b4BAIOvBGCALZaeEhsP0BqHKHVq-dNMNTLnEg5ND89M/https://www.amazon.com/stores/page/5EF421E8-DE42-44BD-888D-052017C90B8F/?_encoding=UTF8&store_ref=SB_A030352535A62WJOM4J1C-A0870621TJQ6FZ3MX3LJ&pd_rd_plhdr=t&aaxitk=a291af81462356c8f88a29454d8d19cf&hsa_cr_id=0&lp_asins=B07WS7KSGT%2CB07WVC9KSG%2CB07QBPDWLS&lp_query=key4&lp_slot=desktop-hsa-3psl&ref_=sbx_be_s_3psl_mbd_mb0_bkgd&pd_rd_w=e6zXP&content-id=amzn1.sym.cd7c548b-a599-426f-9ffe-daa1aa803c87%3Aamzn1.sym.cd7c548b-a599-426f-9ffe-daa1aa803c87&pf_rd_p=cd7c548b-a599-426f-9ffe-daa1aa803c87&pf_rd_r=VB3BYV77JA6QN8JVPR6K&pd_rd_wg=mclN7&pd_rd_r=66a32f55-4dc9-42dc-b703-1d399e6634b1,,,,,False,,,N/A,2026-04-23T11:38:00.446359
58,2,Title,,,,Need help?Visit the help sectionorcontact us,,,,,,False,,,,2026-04-23T11:38:00.447417
0,3,Title,,,,ResultsCheck each product page for other buying options.,,,,,,False,,,,2026-04-23T11:38:17.099552
2,3,Organic,,97.0,B0CNCRT4YF,Homura(Karaoke) : Key+4 / wG,N/A,,,,,False,https://m.media-amazon.com/images/I/71hTdRtCCAL._AC_UL320_.jpg,https://m.media-amazon.com/images/I/71hTdRtCCAL._AC_SL1500_.jpg,,2026-04-23T11:38:17.102350
3,3,Organic,,98.0,B0CKVZPY6Y,Galaxy Express 999(Karaoke) : Key-4,N/A,,,,,False,https://m.media-amazon.com/images/I/71MnCS1fSOL._AC_UL320_.jpg,https://m.media-amazon.com/images/I/71MnCS1fSOL._AC_SL1500_.jpg,,2026-04-23T11:38:17.105019
4,3,Organic,,99.0,B0CLTWJW7C,The Brave / Yu-sha (Karaoke) : Key-4 / wG,N/A,,,,,False,https://m.media-amazon.com/images/I/71tDL+soe0L._AC_UL320_.jpg,https://m.media-amazon.com/images/I/71tDL+soe0L._AC_SL1500_.jpg,,2026-04-23T11:38:17.107374
5,3,Title,,,,Fegve D Ring Keychain for Car KeysSponsored|Top 10 best-selling brand in keychains|Shop FEGVE EDC - ,,,,,,False,,,,2026-04-23T11:38:17.109457
6,3,Title,,,,More results,,,,,,False,,,,2026-04-23T11:38:17.109604
7,3,Organic,,100.0,B0CLTX5MY3,The Brave / Yu-sha (Karaoke) : Key+4 / wG,N/A,,,,,False,https://m.media-amazon.com/images/I/71tDL+soe0L._AC_UL320_.jpg,https://m.media-amazon.com/images/I/71tDL+soe0L._AC_SL1500_.jpg,,2026-04-23T11:38:17.111124
8,3,Organic,,101.0,B0CSFMXKYC,"Cute Penguin Anime Keycaps,Blue Ocean Custom Keycaps,4 Pcs Keyboard Keycaps Set,Clear Resin Artisan Keycap with Designs for Gaming Mechanical Keyboards Cherry MX Gateron Switches.(OEM)(4 Penguins)",N/A,,,,,False,https://m.media-amazon.com/images/I/71OfFVqo5UL._AC_UL320_.jpg,https://m.media-amazon.com/images/I/71OfFVqo5UL._AC_SL1500_.jpg,,2026-04-23T11:38:17.113135
9,3,Organic,,102.0,B0CPLX14VF,Moanin’ : Key+4 (Karaoke),N/A,,,,,False,https://m.media-amazon.com/images/I/71kkCczz-UL._AC_UL320_.jpg,https://m.media-amazon.com/images/I/71kkCczz-UL._AC_SL1500_.jpg,,2026-04-23T11:38:17.115070
10,3,Organic,,103.0,B0CR45DV9L,Windy : Key-4 (Karaoke),N/A,,,,,False,https://m.media-amazon.com/images/I/71l6CfSA6UL._AC_UL320_.jpg,https://m.media-amazon.com/images/I/71l6CfSA6UL._AC_SL1500_.jpg,,2026-04-23T11:38:17.118230
11,3,Organic,,104.0,B0CS2XLMK5,North Wind : Key+4 (Karaoke),N/A,,,,,False,https://m.media-amazon.com/images/I/71HHLKTnMTL._AC_UL320_.jpg,https://m.media-amazon.com/images/I/71HHLKTnMTL._AC_SL1500_.jpg,,2026-04-23T11:38:17.121386
12,3,Organic,,105.0,B0CLTVC8CK,The Brave / Yu-sha (Karaoke) : Key+4,N/A,,,,,False,https://m.media-amazon.com/images/I/71tDL+soe0L._AC_UL320_.jpg,https://m.media-amazon.com/images/I/71tDL+soe0L._AC_SL1500_.jpg,,2026-04-23T11:38:17.123378
13,3,Title,,,,FEGVE Two-way Lock Durable Keychain for KeysShop FEGVE EDC - Design ForYouPrevious pageFEGVE D Ring ,,,,,,False,,,,2026-04-23T11:38:17.124861
14,3,Title,,,,More results,,,,,,False,,,,2026-04-23T11:38:17.125000
15,3,Organic,,106.0,B0CS2TN3LY,North Wind : Key-4 (Karaoke),N/A,,,,,False,https://m.media-amazon.com/images/I/71HHLKTnMTL._AC_UL320_.jpg,https://m.media-amazon.com/images/I/71HHLKTnMTL._AC_SL1500_.jpg,,2026-04-23T11:38:17.127010
16,3,Organic,,107.0,B0CNCNZ5GD,Homura(Karaoke) : Key+4,N/A,,,,,False,https://m.media-amazon.com/images/I/71hTdRtCCAL._AC_UL320_.jpg,https://m.media-amazon.com/images/I/71hTdRtCCAL._AC_SL1500_.jpg,,2026-04-23T11:38:17.129088
17,3,Organic,,108.0,B0CR447T9C,Take Five : Key+4 (Karaoke),N/A,,,,,False,https://m.media-amazon.com/images/I/71ZbGxaMQoL._AC_UL320_.jpg,https://m.media-amazon.com/images/I/71ZbGxaMQoL._AC_SL1500_.jpg,,2026-04-23T11:38:17.131156
18,3,Organic,,109.0,B0CQ4RTG4H,Body And Soul : Key+4 / wG,N/A,,,,,False,https://m.media-amazon.com/images/I/81gfIfYbVuL._AC_UL320_.jpg,https://m.media-amazon.com/images/I/81gfIfYbVuL._AC_SL1500_.jpg,,2026-04-23T11:38:17.133217
19,3,Organic,,110.0,B0CPLTFWF8,My Guy : Key+4 (Karaoke),N/A,,,,,False,https://m.media-amazon.com/images/I/71FXr49om1L._AC_UL320_.jpg,https://m.media-amazon.com/images/I/71FXr49om1L._AC_SL1500_.jpg,,2026-04-23T11:38:17.135117
20,3,Organic,,111.0,B0CPLTTT7D,My Guy : Key-4 (Karaoke),N/A,,,,,False,https://m.media-amazon.com/images/I/71FXr49om1L._AC_UL320_.jpg,https://m.media-amazon.com/images/I/71FXr49om1L._AC_SL1500_.jpg,,2026-04-23T11:38:17.137299
21,3,Organic,,112.0,B0CQ4MSDQ4,Body And Soul : Key-4 (Karaoke),N/A,,,,,False,https://m.media-amazon.com/images/I/81gfIfYbVuL._AC_UL320_.jpg,https://m.media-amazon.com/images/I/81gfIfYbVuL._AC_SL1500_.jpg,,2026-04-23T11:38:17.139995
22,3,Organic,,113.0,B0CQ4QD3GQ,Body And Soul : Key-4 / wG,N/A,,,,,False,https://m.media-amazon.com/images/I/81gfIfYbVuL._AC_UL320_.jpg,https://m.media-amazon.com/images/I/81gfIfYbVuL._AC_SL1500_.jpg,,2026-04-23T11:38:17.142063
23,3,Organic,,114.0,B0CPP9JLZC,The Rose : Key-4 / wG,N/A,,,,,False,https://m.media-amazon.com/images/I/71IHzkICJmL._AC_UL320_.jpg,https://m.media-amazon.com/images/I/71IHzkICJmL._AC_SL1500_.jpg,,2026-04-23T11:38:17.144048
24,3,Organic,,115.0,B0CPLTPNTT,Speak Low / One Touch Of Venus : Key-4 / wG,N/A,,,,,False,https://m.media-amazon.com/images/I/81HSmmTSIUL._AC_UL320_.jpg,https://m.media-amazon.com/images/I/81HSmmTSIUL._AC_SL1500_.jpg,,2026-04-23T11:38:17.146541
25,3,Organic,,116.0,B0CPLV72KV,Heart Of Glass : Key-4 (Karaoke),N/A,,,,,False,https://m.media-amazon.com/images/I/81pm-p5-URL._AC_UL320_.jpg,https://m.media-amazon.com/images/I/81pm-p5-URL._AC_SL1500_.jpg,,2026-04-23T11:38:17.148535
26,3,Organic,,117.0,B0CPLTZ5D5,Heart Of Glass : Key+4 (Karaoke),N/A,,,,,False,https://m.media-amazon.com/images/I/81pm-p5-URL._AC_UL320_.jpg,https://m.media-amazon.com/images/I/81pm-p5-URL._AC_SL1500_.jpg,,2026-04-23T11:38:17.150463
27,3,Organic,,118.0,B0CPLTLWPP,Speak Low / One Touch Of Venus : Key+4 / wG,N/A,,,,,False,https://m.media-amazon.com/images/I/81HSmmTSIUL._AC_UL320_.jpg,https://m.media-amazon.com/images/I/81HSmmTSIUL._AC_SL1500_.jpg,,2026-04-23T11:38:17.152421
28,3,Organic,,119.0,B0CPNYCS3T,The Rose : Key-4 (Karaoke),N/A,,,,,False,https://m.media-amazon.com/images/I/71IHzkICJmL._AC_UL320_.jpg,https://m.media-amazon.com/images/I/71IHzkICJmL._AC_SL1500_.jpg,,2026-04-23T11:38:17.154215
29,3,Organic,,120.0,B0GSW9J5Y1,Five(Karaoke) : Key-4 / wG,N/A,,,,,False,https://m.media-amazon.com/images/I/71EqF1UNlcL._AC_UL320_.jpg,https://m.media-amazon.com/images/I/71EqF1UNlcL._AC_SL1500_.jpg,,2026-04-23T11:38:17.156254
30,3,Organic,,121.0,B0GSWFXG6D,Five(Karaoke) : Key-4,N/A,,,,,False,https://m.media-amazon.com/images/I/71EqF1UNlcL._AC_UL320_.jpg,https://m.media-amazon.com/images/I/71EqF1UNlcL._AC_SL1500_.jpg,,2026-04-23T11:38:17.158175
31,3,Organic,,122.0,B0GTYKGQZ2,Kite(Karaoke) : Key-4 / wG,N/A,,,,,False,https://m.media-amazon.com/images/I/71QAzSKh9fL._AC_UL320_.jpg,https://m.media-amazon.com/images/I/71QAzSKh9fL._AC_SL1500_.jpg,,2026-04-23T11:38:17.160159
32,3,Organic,,123.0,B0GSW4GTQ5,Five(Karaoke) : Key+4 / wG,N/A,,,,,False,https://m.media-amazon.com/images/I/71EqF1UNlcL._AC_UL320_.jpg,https://m.media-amazon.com/images/I/71EqF1UNlcL._AC_SL1500_.jpg,,2026-04-23T11:38:17.162710
33,3,Organic,,124.0,B0GSWGL767,Five(Karaoke) : Key+4,N/A,,,,,False,https://m.media-amazon.com/images/I/71EqF1UNlcL._AC_UL320_.jpg,https://m.media-amazon.com/images/I/71EqF1UNlcL._AC_SL1500_.jpg,,2026-04-23T11:38:17.165047
34,3,Organic,,125.0,B0GTYKQZ72,ADRENA(Karaoke) : Key-4 / wG,N/A,,,,,False,https://m.media-amazon.com/images/I/71JmGzEY-NL._AC_UL320_.jpg,https://m.media-amazon.com/images/I/71JmGzEY-NL._AC_SL1500_.jpg,,2026-04-23T11:38:17.167033
35,3,Organic,,126.0,B0GTYSM73K,ADRENA(Karaoke) : Key+4 / wG,N/A,,,,,False,https://m.media-amazon.com/images/I/71JmGzEY-NL._AC_UL320_.jpg,https://m.media-amazon.com/images/I/71JmGzEY-NL._AC_SL1500_.jpg,,2026-04-23T11:38:17.168951
36,3,Organic,,127.0,B0GTYN5JDY,ADRENA(Karaoke) : Key+4,N/A,,,,,False,https://m.media-amazon.com/images/I/71JmGzEY-NL._AC_UL320_.jpg,https://m.media-amazon.com/images/I/71JmGzEY-NL._AC_SL1500_.jpg,,2026-04-23T11:38:17.170761
37,3,Organic,,128.0,B0CPLSYPMY,Plein Soleil : Key+4 (Karaoke),N/A,,,,,False,https://m.media-amazon.com/images/I/71NdgQ+pjdL._AC_UL320_.jpg,https://m.media-amazon.com/images/I/71NdgQ+pjdL._AC_SL1500_.jpg,,2026-04-23T11:38:17.172934
38,3,Organic,,129.0,B0FX5FQT9N,IRIS OUT(Karaoke) : Key-4,N/A,,,,,False,https://m.media-amazon.com/images/I/71pL77FjiZL._AC_UL320_.jpg,https://m.media-amazon.com/images/I/71pL77FjiZL._AC_SL1500_.jpg,,2026-04-23T11:38:17.174875
39,3,Organic,,130.0,B0FX5HKJGZ,IRIS OUT(Karaoke) : Key+4,N/A,,,,,False,https://m.media-amazon.com/images/I/71pL77FjiZL._AC_UL320_.jpg,https://m.media-amazon.com/images/I/71pL77FjiZL._AC_SL1500_.jpg,,2026-04-23T11:38:17.177069
40,3,Organic,,131.0,B0FX5J84PX,IRIS OUT(Karaoke) : Key+4 / wG,N/A,,,,,False,https://m.media-amazon.com/images/I/71pL77FjiZL._AC_UL320_.jpg,https://m.media-amazon.com/images/I/71pL77FjiZL._AC_SL1500_.jpg,,2026-04-23T11:38:17.179256
41,3,Organic,,132.0,B0CNSW4X7Y,Imitation rain(Karaoke) : Key-4,N/A,,,,,False,https://m.media-amazon.com/images/I/71m2egeaZBL._AC_UL320_.jpg,https://m.media-amazon.com/images/I/71m2egeaZBL._AC_SL1500_.jpg,,2026-04-23T11:38:17.181036
42,3,Organic,,133.0,B0CQ4RM85K,Constant Rain : Key-4 (Karaoke),N/A,,,,,False,https://m.media-amazon.com/images/I/81hJ5eoBZeL._AC_UL320_.jpg,https://m.media-amazon.com/images/I/81hJ5eoBZeL._AC_SL1500_.jpg,,2026-04-23T11:38:17.182800
43,3,Organic,,134.0,B0CM8TVRS5,Charles(Karaoke) : Key-4,N/A,,,,,False,https://m.media-amazon.com/images/I/71z09Ymtt2L._AC_UL320_.jpg,https://m.media-amazon.com/images/I/71z09Ymtt2L._AC_SL1500_.jpg,,2026-04-23T11:38:17.184534
44,3,Organic,,135.0,B0CS2ZCXNJ,How Deep Is Your Love : Key-4 / wG,N/A,,,,,False,https://m.media-amazon.com/images/I/818W4sGWr6L._AC_UL320_.jpg,https://m.media-amazon.com/images/I/818W4sGWr6L._AC_SL1500_.jpg,,2026-04-23T11:38:17.186261
45,3,Organic,,136.0,B0D7QBTPPQ,MIRROR(Karaoke) : Key-4,N/A,,,,,False,https://m.media-amazon.com/images/I/717SQpKlkpL._AC_UL320_.jpg,https://m.media-amazon.com/images/I/717SQpKlkpL._AC_SL1500_.jpg,,2026-04-23T11:38:17.188018
46,3,Organic,,137.0,B0CS2VLBP7,How Deep Is Your Love : Key+4 / wG,N/A,,,,,False,https://m.media-amazon.com/images/I/818W4sGWr6L._AC_UL320_.jpg,https://m.media-amazon.com/images/I/818W4sGWr6L._AC_SL1500_.jpg,,2026-04-23T11:38:17.190036
47,3,Organic,,138.0,B0CK4S8Q1D,Idol(Karaoke) : Key+4,N/A,,,,,False,https://m.media-amazon.com/images/I/71cRszNbdCL._AC_UL320_.jpg,https://m.media-amazon.com/images/I/71cRszNbdCL._AC_SL1500_.jpg,,2026-04-23T11:38:17.192011
48,3,Organic,,139.0,B0FVRXST9B,JANE DOE(Karaoke) : Key-4,N/A,,,,,False,https://m.media-amazon.com/images/I/71cXFdSsNlL._AC_UL320_.jpg,https://m.media-amazon.com/images/I/71cXFdSsNlL._AC_SL1500_.jpg,,2026-04-23T11:38:17.193841
49,3,Organic,,140.0,B0CS2ZLF1R,Sabor A Mi : Key-4 (Karaoke),N/A,,,,,False,https://m.media-amazon.com/images/I/715cM4PjxNL._AC_UL320_.jpg,https://m.media-amazon.com/images/I/715cM4PjxNL._AC_SL1500_.jpg,,2026-04-23T11:38:17.195794
50,3,Organic,,141.0,B0GCMTDWJ7,Belt of Venus(Karaoke) : Key-4 / wG,N/A,,,,,False,https://m.media-amazon.com/images/I/71wUBBDCVnL._AC_UL320_.jpg,https://m.media-amazon.com/images/I/71wUBBDCVnL._AC_SL1500_.jpg,,2026-04-23T11:38:17.197674
51,3,Organic,,142.0,B0FVS34GSV,JANE DOE(Karaoke) : Key-4 / wG,N/A,,,,,False,https://m.media-amazon.com/images/I/71cXFdSsNlL._AC_UL320_.jpg,https://m.media-amazon.com/images/I/71cXFdSsNlL._AC_SL1500_.jpg,,2026-04-23T11:38:17.199429
52,3,Organic,,143.0,B0GCMZDSL7,Belt of Venus(Karaoke) : Key+4 / wG,N/A,,,,,False,https://m.media-amazon.com/images/I/71wUBBDCVnL._AC_UL320_.jpg,https://m.media-amazon.com/images/I/71wUBBDCVnL._AC_SL1500_.jpg,,2026-04-23T11:38:17.201174
53,3,Organic,,144.0,B0FVRYCG7X,JANE DOE(Karaoke) : Key+4 / wG,N/A,,,,,False,https://m.media-amazon.com/images/I/71cXFdSsNlL._AC_UL320_.jpg,https://m.media-amazon.com/images/I/71cXFdSsNlL._AC_SL1500_.jpg,,2026-04-23T11:38:17.202878
55,3,Title,,,,Debug info copied.Sponsored55 Heavy Equipment Keys Master Set Construction Equipment Manufactures Ma,,,,,,False,,,,2026-04-23T11:38:17.203709
56,3,Title,,,,Previous1234Next,,,,,,False,,,,2026-04-23T11:38:17.204012
57,3,SB,3.0,,,N/A,https://aax-us-east-retail-direct.amazon.com/x/c/JBGkVX7Pa6czuR5nAKZ9ZPgAAAGduGqwZAEAAAH2AQBvbm9fdHhuX2JpZDcgICBvbm9fdHhuX2ltcDEgICB7CENp/clv1c_ek-wBPHXKrTWnuOrE7tOb8h9oB0Ri36zGBab0XXDy6S6wyqamHb3k-tTibucpwj5uok5cfvF5jvnvYjm-XQ6jwtT_B3scRMrb-yC0FL3mvQ_M9lWyyLvD1R4o_lhilAN9FSLeTYWMhDEeucj-8F63-Bbp8G-xhUMAkVwwRuY_FbfXODxmu4hCurg_lp48QDjwu4er0xMF--Y9EB-uVT0sX7-FEt7QNf2IB5is3_OR9HqayRzRBdZTB2LVHqrDy_HHGvemX1Lzedhf0l-GRt9oJIgOP_oYtBJMsiELScxrKb43PujENoBlf7TQ5zB5y-gFB1Kt8rDsC0ST-wtJolkzasDBS9NwlR5IffY16vSPgC5LOtiMVnIfP06MtYpaH9p9ghPy3NRyTDAIQFDDrbnGZCL90jkhJpWgP2dUXMq2zi4HEWhxFX0VtuGvhsZULTuotc65rSIV-JvGbT6vwuXmCPHeY6JIqT15jPWKkqH2qdvncnMXCQfLRSsedZvcCjYqvS09OhwoM4NcpqjgUQyik5y9zzO5BmBOQK8UL3UgsnHxFxBjVBY2fikagZZupZNLK5vH7-pRFM_n9yh9QX35UuPIEIxfomLe4kva7u8GLHaEN_2HlN_YT7K0XW1NAacAMdXEMpdrHymHiMx3NX1sD2v5d-16BsqYctEjSJG2DxL0b5fo7MPrt-UmoNz8J56-M3Bw_hK1XkBz6IChEv3rbX4EU5vRPIAoHsQ1EiARmeku_LRMd_RgHvPz8ShYq4CX5SlUxaI7nSeRFoM12cixOymPj_Hx2MCtUGT0BlMPWceliqdDTc9-ijGTlFPL-FXWr2C98EFSOMIg6tQ7CKmZXz7prA1PUuKyv1piMpBTWfg0HjNuPpYihsGzy2rmM6qpRuPQW7YqKaswEFMkZPj2Wjyo6Dp97qwXb3SEhXHffvD5vhzsrOkp3qPFcOa6_TLhtbHAWHfIyPeWRPDaXp6D8WwxKrHW9ZFlgBvXAunrsfIGL18MEC7k2Xe-qFuhSwxTAnpUZIyctIRsBfemof8QTRxlbFmsMkOzfNhBWI_YbCK3e4CPWuLDPwKXtzqnMYl5BOV9ejvd3X34QevQUsMFbBZt_ErZqSBUU_orfWQ2dMCyq-Hi7IIYK_OOMhj64Cdi8BVgP3St7AvPDRcHXJhVoXQbnKF6-1NEyOZXnasQmsfSXjtO58F0Jts1a4ypiRQ2k_hkHaLI3TUECSAGwatPWf0woS6fiu3KdDlECrNfuEYYkRkbRWNx2d0StS-Os38KnnryrwgqERrzW70S9Q_9acLIi7AqHYQKON244jhJHJHiKGtKimVQRWoOScD4jKahnDY8wjkkFkyCANGivQPLIfPETi70yCQB4zzIruWaefo5KxaxX8pwnRKfH2JrTeCMohLQLFgPBtgsS8NFdQWu7yo8aYik6v8jSkZerqSnS9D6MokhhlgUXr52HfBYD0A4ui6p9TPmeSMVyiFizI-Ii6aP36Lm3AY2mh8NoTVkHoSttbOYloZshwfP7bNPGQ3conkeHUSRjCBicpnhF8nHcWHi_56GZxGMP0AjvRuAsODUVNK1HF8gqZDbHHMn_xxfcjOg2y3V3Y6MZdt1WoQdwbfPlxkf4Q3UZD6xvJAGtSH8OL-yp2zC7-BSCIRkRjCE7z-lutZFbJTvT6ZdPeo9r_k5ds/https://www.amazon.com/stores/page/5EF421E8-DE42-44BD-888D-052017C90B8F/?_encoding=UTF8&store_ref=SB_A030352535A62WJOM4J1C-A0870621TJQ6FZ3MX3LJ&pd_rd_plhdr=t&aaxitk=a291af81462356c8f88a29454d8d19cf&hsa_cr_id=0&lp_asins=B07WS7KSGT%2CB07WVC9KSG%2CB07QBPDWLS&lp_query=key4&lp_slot=desktop-hsa-3psl&ref_=sbx_be_s_3psl_mbd_mb0_bkgd&pd_rd_w=lDmif&content-id=amzn1.sym.cd7c548b-a599-426f-9ffe-daa1aa803c87%3Aamzn1.sym.cd7c548b-a599-426f-9ffe-daa1aa803c87&pf_rd_p=cd7c548b-a599-426f-9ffe-daa1aa803c87&pf_rd_r=Q70T0X19V59ZSYDMW8XZ&pd_rd_wg=gcYXG&pd_rd_r=e5f239a5-b2b9-41b9-8c58-aaccaa618eef,,,,,False,,,N/A,2026-04-23T11:38:17.208156
58,3,Title,,,,Need help?Visit the help sectionorcontact us,,,,,,False,,,,2026-04-23T11:38:17.208705
0,4,Title,,,,ResultsCheck each product page for other buying options.,,,,,,False,,,,2026-04-23T11:38:35.139479
2,4,Organic,,145.0,B0CS31MK64,Sabor A Mi : Key+4 (Karaoke),N/A,,,,,False,https://m.media-amazon.com/images/I/715cM4PjxNL._AC_UL320_.jpg,https://m.media-amazon.com/images/I/715cM4PjxNL._AC_SL1500_.jpg,,2026-04-23T11:38:35.143471
3,4,Organic,,146.0,B0CS345FXP,How Deep Is Your Love : Key+4 (Karaoke),N/A,,,,,False,https://m.media-amazon.com/images/I/818W4sGWr6L._AC_UL320_.jpg,https://m.media-amazon.com/images/I/818W4sGWr6L._AC_SL1500_.jpg,,2026-04-23T11:38:35.146114
4,4,Organic,,147.0,B0DT91X9M4,Episode X(Karaoke) : Key-4,N/A,,,,,False,https://m.media-amazon.com/images/I/71bvJD7FQzL._AC_UL320_.jpg,https://m.media-amazon.com/images/I/71bvJD7FQzL._AC_SL1500_.jpg,,2026-04-23T11:38:35.147977
5,4,Title,,,,Fegve D Ring Keychain for Car KeysSponsored|Top 10 best-selling brand in keychains|Shop FEGVE EDC - ,,,,,,False,,,,2026-04-23T11:38:35.149504
6,4,Title,,,,More results,,,,,,False,,,,2026-04-23T11:38:35.149657
7,4,Organic,,148.0,B0CS2YYY3S,My Girl : Key+4 / wG,N/A,,,,,False,https://m.media-amazon.com/images/I/71GmC-TQqUL._AC_UL320_.jpg,https://m.media-amazon.com/images/I/71GmC-TQqUL._AC_SL1500_.jpg,,2026-04-23T11:38:35.152849
8,4,Organic,,149.0,B0CKVYTL97,SMOOTH CRIMINAL(カラオケ) : Key-4 / wG,N/A,,,,,False,https://m.media-amazon.com/images/I/71jC09gXFXL._AC_UL320_.jpg,https://m.media-amazon.com/images/I/71jC09gXFXL._AC_SL1500_.jpg,,2026-04-23T11:38:35.154956
9,4,Organic,,150.0,B0CKVY8M7L,SMOOTH CRIMINAL(カラオケ) : Key+4 / wG,N/A,,,,,False,https://m.media-amazon.com/images/I/71jC09gXFXL._AC_UL320_.jpg,https://m.media-amazon.com/images/I/71jC09gXFXL._AC_SL1500_.jpg,,2026-04-23T11:38:35.156834
10,4,Organic,,151.0,B0GCMYR779,Belt of Venus(Karaoke) : Key+4,N/A,,,,,False,https://m.media-amazon.com/images/I/71wUBBDCVnL._AC_UL320_.jpg,https://m.media-amazon.com/images/I/71wUBBDCVnL._AC_SL1500_.jpg,,2026-04-23T11:38:35.158992
11,4,Organic,,152.0,B0CPLV8NBR,Heart Of Glass : Key-4 / wG,N/A,,,,,False,https://m.media-amazon.com/images/I/81pm-p5-URL._AC_UL320_.jpg,https://m.media-amazon.com/images/I/81pm-p5-URL._AC_SL1500_.jpg,,2026-04-23T11:38:35.161859
12,4,Organic,,153.0,B0CPLS9VDR,Heart Of Glass : Key+4 / wG,N/A,,,,,False,https://m.media-amazon.com/images/I/81pm-p5-URL._AC_UL320_.jpg,https://m.media-amazon.com/images/I/81pm-p5-URL._AC_SL1500_.jpg,,2026-04-23T11:38:35.164467
13,4,Title,,,,FEGVE Two-way Lock Durable Keychain for KeysShop FEGVE EDC - Design ForYouPrevious pageFEGVE D Ring ,,,,,,False,,,,2026-04-23T11:38:35.166281
14,4,Title,,,,More results,,,,,,False,,,,2026-04-23T11:38:35.166475
15,4,Organic,,154.0,B0CNCL86FK,One Last Kiss(Karaoke) : Key+4 / wG,N/A,,,,,False,https://m.media-amazon.com/images/I/71sHqYXB4aL._AC_UL320_.jpg,https://m.media-amazon.com/images/I/71sHqYXB4aL._AC_SL1500_.jpg,,2026-04-23T11:38:35.168372
16,4,Organic,,155.0,B0CPLTK7YP,Speak Low / One Touch Of Venus : Key-4 (Karaoke),N/A,,,,,False,https://m.media-amazon.com/images/I/81HSmmTSIUL._AC_UL320_.jpg,https://m.media-amazon.com/images/I/81HSmmTSIUL._AC_SL1500_.jpg,,2026-04-23T11:38:35.170493
17,4,Organic,,156.0,B0CPLVJBGS,Speak Low / One Touch Of Venus : Key+4 (Karaoke),N/A,,,,,False,https://m.media-amazon.com/images/I/81HSmmTSIUL._AC_UL320_.jpg,https://m.media-amazon.com/images/I/81HSmmTSIUL._AC_SL1500_.jpg,,2026-04-23T11:38:35.172943
18,4,Organic,,157.0,B0CS2X1J6F,My Girl : Key+4 (Karaoke),N/A,,,,,False,https://m.media-amazon.com/images/I/71GmC-TQqUL._AC_UL320_.jpg,https://m.media-amazon.com/images/I/71GmC-TQqUL._AC_SL1500_.jpg,,2026-04-23T11:38:35.174861
19,4,Organic,,158.0,B0CPP5TWYX,The Rose : Key+4 (Karaoke),N/A,,,,,False,https://m.media-amazon.com/images/I/71IHzkICJmL._AC_UL320_.jpg,https://m.media-amazon.com/images/I/71IHzkICJmL._AC_SL1500_.jpg,,2026-04-23T11:38:35.176664
21,4,Title,,,,Debug info copied.SponsoredSUMMIT DOORWARE Kwikset Key Blanks in Premium Brass Quality | KW1 Uncut B,,,,,,False,,,,2026-04-23T11:38:35.177507
22,4,Title,,,,Previous1234Next,,,,,,False,,,,2026-04-23T11:38:35.177824
23,4,SB,4.0,,,N/A,https://aax-us-east-retail-direct.amazon.com/x/c/JBLgEAq6nczmsWEv5KGHjqQAAAGduGr3NQEAAAH2AQBvbm9fdHhuX2JpZDMgICBvbm9fdHhuX2ltcDEgICDYq81f/clv1c_ek-wBPHXFbbWzjK3YpscrxfcOWxCnjqPwnZxUJDnFUmL7dBO9DGugXcU1wMfjsluhQmFV-fP5koGN-122aL-TZvl5aRD7k89Pj9hCtjFWPz0g37oKd2VUVnYI_lwyhrhxiaAKKPtUBORGRwyP9c5C0jyCF2dnGH6EvdRj7evwKxPaaqdUAF-HUgoOsvtmkp7uHkzitkBmAbJw9Alw-AAMN7_RAp_Rg_nncrBDYFP2b-hK0mO62q2PEe7pvEkZlvZNeN2NIJgB2Iq8Z4bXyo22LW3sRhBv0HR7dHXJfU5iiMfu-o0GW-rqnDbmESSapu-yA8gMS2rva0ymDUcj2PFryYRBtd5DDwcTrD9-G2FOdfs2hNW2OogRjOiixVVpEaJJxqMizCpxW-oV-oKAw9ktopwnpILZRDnIv_MYy7KwFeukVn0DkEQxgaDJA9Yg26hbXbmvtyk3zu2lJGssyCYn5nriKnWF7rJXln4u5q0aO2Il48yUUQQI2GkEOuUu7GU4QNCBAQdB8yPXpZAzcQ8QhPpdgaWmwBwdJGKKVfQ2yKqxsH5kPfad9LEJuX5HBDDEa9uPKPRlSMgfHQI8PzXz7OHFI66yBiHITmniJjpLOO2pGibkxLktLCUKWXuqO5y4t8Hts06yiA1W0y5ejg4CT8QSv1-H8G1UbJypSO2myuyW6EiAUEZbCBGOn6BhhwUq1K4-84cilEr3LZZE2nJ0v-ulsxkjy5rPwW1JkKOEzZZGEmVf3BkhDmscMCsPajq7b3t5hD_JnUTx7Nxm5csydyJ18HT4az5p3c5evge69ORh_gwRD6muSFDEmvOdEzwSvZaa0GfpYpgvh8Z7fQL4xd24GItuY8J7ptls1KrqB69c5RYTdWUl1pYxqGGzD9WIJHI59r9kBcc0MMgvDYcIycm-9PTJpotBn_4Pl_Gq-2i0__XsOiH2-8VX48mFkjYq5zwhkordXK0t08JszaPd0kJ5VkFGLLiUPI43_UYU7sqoiwtkYs5SC5aiL3McMVgXe_suOea9mynqJ73X1zEx0vuqQ58teAlR8cq7JM7IIoJxZK3e7scREwwRf0tIEWw9D6GsLk__n9RJrXu8eqcyWPscuHH1NO9vvbqswnWM0GjspdAqawQvO54oVKgzp0MqR5aHV_ACgDAh9SM211zt7u78XhdqA3XgiAo-hPvWyAXXNbqJT9f42bnQ5HRDpgD5l-4xKYax-mRj9CkQCnOzdLFwWg0ig9F8Y_LwP1XVNpIM_lcL1DdLD-8s1zcZeFsZ8Tl45MnMBNEjZ9KtaKAWodCC32yL3Nzt-4BYKEb1xEspXDtaYzhlX7rMNU_ajEg5TQl66dvXTC9FwaHVYTOwPzAHvd5ieP0VnueYqrcqN7VZwdui5l6cUYZcR8nZEqw6sJhleYpLNnG18gFVfdkaJJFWftgngyB9eSM1-T9bxtCviA7-X_pmBNB0UM62GhdlkPYSiQmaq15ltI81g2E_B4xAKgweqkRPtNekjdxyurl8QZizZncUCu-4VofKvhKKMnFyx5dgv4TC2A0p39J9fb5jHYqx0O_Zc1USQm7d2xMNjYEuBWofQ9no65LzK0eCipe_oSgyyDZ88tYZj3mfEV-ZonKFdQnqyNqL6ebxpIg3dFyp-Q81oDXOeZ5eKDqYbKk1GD3qHrLdsiIUG1hhf4YAnpiLUw/https://www.amazon.com/stores/page/5EF421E8-DE42-44BD-888D-052017C90B8F/?_encoding=UTF8&store_ref=SB_A030352535A62WJOM4J1C-A0870621TJQ6FZ3MX3LJ&pd_rd_plhdr=t&aaxitk=a291af81462356c8f88a29454d8d19cf&hsa_cr_id=0&lp_asins=B07WS7KSGT%2CB07WVC9KSG%2CB07QBPDWLS&lp_query=key4&lp_slot=desktop-hsa-3psl&ref_=sbx_be_s_3psl_mbd_mb0_bkgd&pd_rd_w=J7sSO&content-id=amzn1.sym.cd7c548b-a599-426f-9ffe-daa1aa803c87%3Aamzn1.sym.cd7c548b-a599-426f-9ffe-daa1aa803c87&pf_rd_p=cd7c548b-a599-426f-9ffe-daa1aa803c87&pf_rd_r=1JZABT11Q23T14X04FKP&pd_rd_wg=2OHcn&pd_rd_r=f54bc2a1-a5e0-4c71-b2bd-ac8dd964e5d1,,,,,False,,,N/A,2026-04-23T11:38:35.182780
24,4,Title,,,,Need help?Visit the help sectionorcontact us,,,,,,False,,,,2026-04-23T11:38:35.183445
0,5,Title,,,,No results for your search query.Try checking your spelling or use more general termsCheck each prod,,,,,,False,,,,2026-04-23T11:38:49.084746
1,5,Title,,,,Fegve D Ring Keychain for Car KeysSponsored|Top 10 best-selling brand in keychains|Shop FEGVE EDC - ,,,,,,False,,,,2026-04-23T11:38:49.086592
2,5,Title,,,,FEGVE Two-way Lock Durable Keychain for KeysShop FEGVE EDC - Design ForYouPrevious pageFEGVE D Ring ,,,,,,False,,,,2026-04-23T11:38:49.088302
4,5,Title,,,,Debug info copied.Sponsored55 Heavy Equipment Keys Master Set Construction Equipment Manufactures Ma,,,,,,False,,,,2026-04-23T11:38:49.090397
5,5,SB,5.0,,,N/A,https://aax-us-east-retail-direct.amazon.com/x/c/JPwF7VqZ_RL7GrSaWkqi0C4AAAGduGssdwEAAAH2AQBvbm9fdHhuX2JpZDYgICBvbm9fdHhuX2ltcDIgICBh4HQJ/clv1c_ek-wxPHXLcTWDVVAWq5xoI7aPjsFMhZvtUS9c83Cvh9GBTIkFn1ryPjVXTub2wxSZh3iKXvV0k-C-2-XiPpWDRFknlOs7COKcGLz5X3MVM026A2beu8iam-AUvh1uVgF3Z-Ghbz_zosUTmaJuFoR85T9uB2ckEEKEnbRjLWrwKyPiaqc2KHDJ-ICLYLpuxLoCOSz1MJHGDHszbSchQnH5NCyVNUzDkQ81q4wJlV86Bag6k4mjBA8R7CvqHLrtF_gLiDJmu2KEta2kMm1ZpSR_jKB7XwGXVfJylBfs7l-SPxOJT9HzRktSA_7jyQY878fAHZ6Dp33EOriDS8PE5LiIOjGHqkC5vOR7nB_-5na4CamLWN5cZqw1S7yNRP-V2uFhjmoDqCtXQdEuIT8V21gl4CEy4NxiFP8_Q3yg1-LWFkIrLUPO582tSgEGj7CaXoAqmB4dFRzjE-UV1dVEBOLWwNJRqaLWKI1InekSAutBnZZv8Wcvwox5L2pCWWPETybvmL6TfLSTaw5ZfG5k-9j2LfGhOQ538T8umZYmy7Y1ru6TNwQmGlQ-IUawfBNFhbA5IgZR8tuwpwchwmGC74f-MkMclPWHzRmuA7PWtIQlYe6BlOYLvAOqjyZmG6xkcCIM0jaQP1Vl8GTCDktulZR0gejmMxn0pxfnTeEGEF7cjNHaM3j5SlgmSOiVIeY0lH9jMlrhbk20OjjqythfAv_FaI1bHT1rsSDL9VOYohcj3QTx4NLbq6_yEC-FogEnjpk8ltLncmPkLZaCuXJmNBPmBPs2Y-ZS34snqtGFZVfg-NZYq3ksoEehQ9rzXcRq2isOarhVoDm90Mt_1NhgNeHLwME40FLOMUL8Q0toE-6b-dbd5sDY8W9YWn4EWsvVABDwEW-Nz6tzZFNga1_Sn0c8_sYFWI8yta1HBcahTYsBYYjOYhBj_Bds-hVvehrRVGfXTrIf9wybU9GklU11-v6LOHJMAH6k8FEGOzGX18KSEgxkuwSKflxEeAKQgKcLIsIWaSHTRY9MVFAwToxuwKYTWMufK3zTncWdsoHfpH3lU7VM--eGdC6T_SlYSwPKcGhYBD-D108iSaScA8LoTkXzM_LBKl5ZJFGtGSPm5StsGkabwoLiRN9w2okP0jr7_nSSFToJQrNiUsncO2vIG8-wuFGG934ySxFY2BB-g10BJ-7tEIu_Rxa9HQSJBoLxzLFw8h1jZsu3CCFO7auYUaYfTXyivt13v_cOdGiDXsp7LuALZ0q9zqJQlpkb0a5ZnSsrpuQfoVIjngFkKhgTiEAgpGloVk-77HeG-7qSvi8ludoxRcKUT2SBIbVcWL3NbZ4kQ3Niry6cxawwfWTDHQKHwj-omKesWsFKAMb8agQJAWj_ewGT85o9TwhVXYhZOr0paCLFqPRGbagL-44rnpMJUCQ5ee-mppQjSdvCkfUyEElN4d5sSX_gbetVV9b6Is3hyRHjerIUhW0mXBDmfmw_7Pgm52Q6B6jtufWfTAzoUSfql_7ikhzSkEZP-xtUg_Blewo06SL41-z4uct2r7oc99nM6HO2FjZna_cmJvBpFqZgVK0M_ND8DunuzAS8jgGU1Ugb2Du7JRJk790wYQBPKW8ByJqtxKXF0otAcx17G_GkAD4nJ87A4N0L0v7zsCC1X_RgwYNWI148Fc284oUYgNVViDfe_8ywg/https://www.amazon.com/stores/page/87023D19-37FB-44BF-9894-4F222568C954/?_encoding=UTF8&store_ref=SB_A04126883DRM3SSR2L20H-A01422761YSGAHBYKXZYW&pd_rd_plhdr=t&aaxitk=5a6ed3c668a92f4ae7fc92623c562303&hsa_cr_id=0&lp_asins=B0DCVQBMVP%2CB0DCVSBSQG%2CB0DCVPGB9N&lp_query=key4&lp_slot=desktop-hsa-3psl&ref_=sbx_be_s_3psl_mbd_mb0_bkgd&pd_rd_w=RkKkl&content-id=amzn1.sym.cd7c548b-a599-426f-9ffe-daa1aa803c87%3Aamzn1.sym.cd7c548b-a599-426f-9ffe-daa1aa803c87&pf_rd_p=cd7c548b-a599-426f-9ffe-daa1aa803c87&pf_rd_r=T09WKMQ20JH5DK6X1NQF&pd_rd_wg=rRzg5&pd_rd_r=91a3f1c9-9aaa-4026-bc4b-9837bdd63cd8,,,,,False,,,N/A,2026-04-23T11:38:49.095375
6,5,Title,,,,Need help?Visit the help sectionorcontact us,,,,,,False,,,,2026-04-23T11:38:49.096139
